text,language,violence,directed_vs_generalized,gender,race,national_origin,disability,religion,sexual_orientation,isHate,original_language
How many books do you have?,eng,0,0,1,0,0,0,0,0,1,eng
我们走开的时候，房子被盗窃了。,cmn,0,0,0,0,0,0,0,0,0,cmn
हिंदू-मुसलमान भाई-भाई।,hin,0,0,0,0,0,0,1,0,1,hin
इन शब्दों को एक-एक करके याद करो।,hin,0,0,0,0,0,0,0,0,0,hin
¿Tienes amigos en Antigua?,spa,0,0,0,0,0,0,0,0,0,spa
तुम दो तीन दिनों में फिरसे ठीक हो जाओगे।,hin,0,0,0,0,0,0,0,0,0,hin
Forget it. It's not worth it.,eng,0,0,0,0,0,0,0,0,0,eng
जंग हमारे हित में जा रहा है।,hin,1,0,0,0,0,0,0,0,1,hin
我是个男人。,cmn,0,0,1,0,0,0,0,0,1,cmn
டோம் மேரியைத் தன் இல்லத்துக்கு விருந்துக்காக அழைத்தான்.,tam,0,0,0,0,0,0,0,0,0,tam
हमारे साथ आओ।,hin,1,0,0,0,0,0,0,0,1,hin
मुझे कुत्ते अच्छे लगते हैं।,hin,0,0,0,0,0,0,0,0,0,hin
You continue making the same mistakes time after time.,eng,0,0,0,0,0,0,0,0,0,eng
यहां डाक टिकटें नहीं बेची जातीं हैं।,hin,0,0,0,0,0,0,0,0,0,hin
A ella no le gustaba vivir en la ciudad.,spa,0,0,0,0,0,0,0,0,0,spa
Ella tiene un gato. El gato es blanco.,spa,0,0,0,1,0,0,0,0,1,spa
Tenía un compromiso previo a las diez.,spa,1,0,0,0,0,0,0,0,1,spa
我想看看。,cmn,0,0,0,0,0,0,0,0,0,cmn
मैंने उससे बैठ जाने का इशारा किया।,hin,0,0,0,0,0,0,0,0,0,hin
मेज़ के नीचे एक बिल्ली है।,hin,0,0,0,0,0,0,0,0,0,hin
火车6点出发。,cmn,0,0,0,0,0,0,0,0,0,cmn
நிச்சயமாக,tam,0,0,0,0,0,0,0,0,0,tam
तुम्हें समुंदर के क्षितिज पर एक जहाज़ दिखाई दे रहा है क्या?,hin,0,0,0,0,0,0,0,0,0,hin
La biblioteca está al medio de la ciudad.,spa,0,0,0,0,0,0,0,0,0,spa
उसने आखिरकार सवाल का जवाब ढूँढ निकाला।,hin,0,0,0,1,0,0,0,0,1,hin
Me he dejado olvidado el mechero en algún sitio y no lo encuentro.,spa,0,0,0,0,0,0,0,0,0,spa
उसको मनाने की कोशिश करने में कोई फ़ायदा नहीं है।,hin,0,0,0,0,0,0,0,0,0,hin
எனக்கு அவளோடு நிச்சயமாகியிருக்கு,tam,0,0,0,0,0,0,0,0,0,tam
My shoes are too small. I need new ones.,eng,0,0,0,0,0,0,0,0,0,eng
"Una noche, un hombre vino a mi casa.",spa,0,0,1,0,0,0,0,0,1,spa
You're really not stupid.,eng,0,0,1,0,0,1,0,0,1,eng
म्युज़ियम में ज़िन्दा जानवर नहीं हैं।,hin,0,0,0,0,0,0,0,0,0,hin
आज मौसम काफ़ी ठंडा है।,hin,0,0,0,0,0,0,0,0,0,hin
उसकी नई किताब अगले महीने छपेगी।,hin,0,0,0,0,0,0,0,0,0,hin
他向权力屈服。,cmn,0,0,0,0,0,0,0,0,0,cmn
Many people drift through life without a purpose.,eng,0,0,1,0,0,0,0,0,1,eng
记者租了间很贵的房。,cmn,0,0,0,0,0,0,0,0,0,cmn
हमारी पिछली मुलाक़ात से अब दस साल हो गए हैं।,hin,1,0,0,0,0,0,0,0,1,hin
जैक ने मेरा छाता शायद ग़लती से ले लिया है।,hin,0,0,0,0,0,0,0,0,0,hin
"¿Cómo se deletrea ""bonita""?",spa,0,0,0,0,0,0,0,0,0,spa
வானின் றுலகம் வழங்கி வருதலால் தானமிழ்தம் என்றுணரற் பாற்று,tam,0,0,0,0,0,0,0,0,0,tam
我只是不知道應該說什麼而已……,cmn,0,0,0,0,0,0,0,0,0,cmn
Esa ciudad es cuna de numerosas personas famosas.,spa,0,0,0,0,0,0,0,0,0,spa
Se pensaba que los viajes espaciales eran imposibles.,spa,0,0,0,0,0,0,0,0,0,spa
It's too good to be true.,eng,0,0,0,0,0,0,0,0,0,eng
ये नियम हैं। इनके मुताबिक कम करिए।,hin,0,0,0,0,0,0,0,0,0,hin
I've been waiting for hours.,eng,0,0,0,0,0,0,0,0,0,eng
Tanto Jesús como sus discípulos fueron invitados a aquella boda.,spa,0,0,0,0,0,0,0,0,0,spa
报纸、杂志和新闻广播讲述着世界上正在发生的事。,cmn,0,0,0,0,0,0,0,0,0,cmn
You are old enough to stand on your own feet.,eng,0,0,0,0,0,0,0,0,0,eng
我们选她为我们队的队长。,cmn,0,0,0,0,0,0,0,0,0,cmn
हम भारत से चाय का आयात करते हैं।,hin,0,0,0,0,0,0,0,0,0,hin
局长，那不是我！,cmn,0,0,0,0,0,0,0,0,0,cmn
¿Cuándo viste esa película?,spa,0,0,0,0,0,0,0,0,0,spa
என்னிடம் பேசு,tam,0,0,0,0,0,0,0,0,0,tam
कमरे में तम्बाकू की महक थी।,hin,1,0,0,0,0,0,0,0,1,hin
拿着。,cmn,0,0,0,0,0,0,0,0,0,cmn
Are you able to type?,eng,0,0,0,0,0,0,0,0,0,eng
That way I kill two birds with one stone.,eng,1,0,0,0,0,0,0,0,1,eng
ஒரு சதுரத்திற்கு நான்கு சமமான பக்கங்கள் உள்ளன,tam,0,0,0,0,0,0,0,0,0,tam
我能问一下您的姓名和住址吗？,cmn,0,0,0,0,0,0,0,0,0,cmn
What are you going to have?,eng,0,0,0,0,0,0,0,0,0,eng
My eyes are an ocean in which my dreams are reflected.,eng,0,0,0,0,0,0,0,0,0,eng
It depends on the context.,eng,0,0,0,0,0,0,0,0,0,eng
அவனுக்கு உடல் நிலை சரியில்லாததனால் அவனால் வர இயலாது,tam,0,0,0,0,0,0,0,0,0,tam
3的三次方等于27。,cmn,0,0,0,0,0,0,0,0,0,cmn
¿Cómo provocar el deseo de una mujer?,spa,0,0,1,0,0,0,0,0,1,spa
டாம் ஒத்துக்கற மாதிரி தெரியல.,tam,0,0,0,0,0,0,0,0,0,tam
I don't want to go to school.,eng,0,0,0,0,0,0,0,0,0,eng
உனக்கு பாடல்கள் பிடிக்குமா?,tam,0,0,0,0,0,0,0,0,0,tam
I am four months pregnant.,eng,0,0,0,0,0,0,0,0,0,eng
दो लड़के कमरे से भागे निकल आए।,hin,1,0,0,0,0,0,0,0,1,hin
हर देश में अलग अलग रिवाज़ रखे जाते हैं।,hin,0,0,0,0,0,0,0,0,0,hin
战争爆发的时候，我们在这里已经住了10年了。,cmn,0,0,0,0,0,0,0,0,0,cmn
आसमानों को देखो।,hin,0,0,0,0,0,0,0,0,0,hin
वे जो मर्ज़ी कहें मुझे उससे कोई फ़र्क नहीं पड़ता।,hin,1,0,0,0,0,0,0,0,1,hin
भगवान जाने।,hin,0,0,0,0,0,0,0,0,0,hin
Ese nuevo país está bajo la influencia económica de Japón.,spa,0,0,0,0,0,0,0,0,0,spa
Parte de Osaka hacia Tokio a las diez.,spa,1,0,0,0,0,0,0,0,1,spa
他最终成了IBM的总裁。,cmn,0,0,0,0,0,0,0,0,0,cmn
चोर अंत में तो पकड़ा ही जाएगा।,hin,0,0,0,0,0,0,0,0,0,hin
जोन्स परिवार के नाम पर जो काला धब्बा है वह टिम है।,hin,0,0,0,1,0,0,0,0,1,hin
¿Y nadie le ayudó?,spa,1,0,0,0,0,0,0,0,1,spa
Classes are starting again soon.,eng,0,0,0,0,0,0,0,0,0,eng
"कमरे से निकलने से पहले, कृपया बत्तियाँ बंद कर दीजिएगा।",hin,1,0,0,0,0,0,0,0,1,hin
Did you buy it on the black market?,eng,0,0,0,1,0,0,0,0,1,eng
My next door neighbor is a virtuoso whose skills with the piano have earned him a name among music experts.,eng,1,0,0,0,0,0,0,0,1,eng
How many times a day do you look at yourself in the mirror?,eng,0,0,1,0,0,0,0,0,1,eng
हमारी सोच यह है कि वह निर्दोष है।,hin,1,0,0,0,0,0,0,0,1,hin
Remember that we are all in the same boat.,eng,0,0,0,0,0,0,0,0,0,eng
Never try to die.,eng,1,0,0,0,0,0,0,0,1,eng
You should have helped him with his work.,eng,0,0,0,0,0,0,0,0,0,eng
"Blindness is responsible for a staggering toll of poor health, suffering, and loss of dignity and diminution in the quality of lives of people worldwide.",eng,0,0,0,0,0,1,0,0,1,eng
He died at a very old age.,eng,1,0,0,0,0,0,0,0,1,eng
你的强项是什么？,cmn,0,0,0,0,0,0,0,0,0,cmn
Quiero ser más independiente.,spa,1,0,0,0,0,0,0,0,1,spa
काला रंग तुम पर जँचता है।,hin,0,0,0,1,0,0,0,0,1,hin
I want a massage. I need to relax.,eng,0,0,0,0,0,0,0,0,0,eng
You have no need to hurry.,eng,0,0,0,0,0,0,0,0,0,eng
Where are the showers?,eng,0,0,0,0,0,0,0,0,0,eng
"हमारे पास ठीक से काम खतम करने के लिए समय नहीं हैं, कोई-न-कोई जुगाड़ लगाना होगा।",hin,1,0,0,0,0,0,0,0,1,hin
在非洲有许多孩子死于饥饿。,cmn,1,0,0,0,0,0,0,0,1,cmn
दूर से देखने में वह पत्थर एक आदमी के चेहरे की तरह दिखता था।,hin,0,0,1,0,0,0,0,0,1,hin
जॉन ने एक बाघ पकड़ा और दो शेर मारे।,hin,1,0,0,0,0,0,0,0,1,hin
तुम्हारे पास मंगलवार को समय है क्या?,hin,0,0,0,0,0,0,0,0,0,hin
"You don't know German, do you?",eng,0,0,1,0,0,0,0,0,1,eng
அவர் யார்?,tam,0,0,0,0,0,0,0,0,0,tam
"माफ़ कीजिएगा, आप मेरी मदद कर सकते हैं क्या?",hin,0,0,0,0,0,0,0,0,0,hin
Why don't you eat vegetables?,eng,0,0,0,0,0,0,0,0,0,eng
People are often quite skeptical about things unless given believable proof.,eng,0,0,0,0,0,0,0,0,0,eng
அவருக்கு ஆங்கிலம் பிடிக்காது.,tam,0,0,0,0,0,0,0,0,0,tam
उस सूपरमार्केट में तुम लगभग कोई भी रोजाने में इस्तेमाल होने वाला सामान ख़रीद सकते हो।,hin,1,0,0,0,0,0,0,0,1,hin
她昨天看见一个高大的男人。,cmn,0,0,1,0,0,0,0,0,1,cmn
One hundred and fifty thousand couples are expected to get married in Shanghai in 2006.,eng,0,0,0,0,0,0,0,0,0,eng
这张书桌是木制的。,cmn,0,0,0,0,0,0,0,0,0,cmn
You'd better start now.,eng,0,0,0,0,0,0,0,0,0,eng
"You have cleaned your shoes, haven't you?",eng,0,0,0,0,0,0,0,0,0,eng
You are saying you intentionally hide your good looks?,eng,0,0,0,0,0,0,0,0,0,eng
இது ஒரு கேக்கின் துண்டு,tam,0,0,0,0,0,0,0,0,0,tam
என்னை நம்பு என்று சொன்னாள்.,tam,0,0,0,0,0,0,0,0,0,tam
आओ हमारे साथ बैठो।,hin,1,0,0,0,0,0,0,0,1,hin
"Hace calor esta mañana, ¿no?",spa,0,0,0,0,0,0,0,0,0,spa
वह मेरी ग़लती थी।,hin,0,0,0,0,0,0,0,0,0,hin
Lávate las manos con jabón.,spa,0,0,0,0,0,0,0,0,0,spa
You must control yourself.,eng,0,0,0,0,0,0,0,0,0,eng
Este fluido pegajoso sirvió como sustituto de adhesivo.,spa,0,0,0,0,0,0,0,0,0,spa
Todo lo que es inventado es verdadero.,spa,0,0,0,0,0,0,0,0,0,spa
Ya te encontré.,spa,0,0,0,0,0,0,0,0,0,spa
"It is a prevalent belief, according to a nationwide poll in the United States, that Muslims are linked with terrorism.",eng,0,0,0,0,0,0,1,0,1,eng
You are to start at once.,eng,0,0,0,0,0,0,0,0,0,eng
You should pay back your debts.,eng,0,0,0,0,0,0,0,0,0,eng
जंगल के जानवर मर गए।,hin,1,0,0,0,0,0,0,0,1,hin
You should have attended the meeting.,eng,0,0,0,0,0,0,0,0,0,eng
那个穿棕色大衣的女人是谁？,cmn,0,0,1,0,0,0,0,0,1,cmn
The war on Iraq is a volatile subject of political debate; any wrong word and a heated argument could spark.,eng,0,0,0,0,0,0,0,0,0,eng
नए ब्रिज को इन्द्रधनुष ब्रिज का नाम दिया गया।,hin,0,0,0,0,0,0,0,0,0,hin
You must conquer your fear of the dark.,eng,0,0,0,0,0,0,0,0,0,eng
हमने थोड़ी देर के लिए एक-दूसरे के साथ बात करी।,hin,0,0,0,0,0,0,0,0,0,hin
You are as white as a sheet.,eng,0,0,0,1,0,0,0,0,1,eng
巨大的柱子遮住了视线，让人看不到湖。,cmn,0,0,0,0,0,0,0,0,0,cmn
"Uno, dos, tres, cuatro, cinco, seis, siete, ocho, nueve, diez.",spa,1,0,0,0,0,0,0,0,1,spa
"Tras subir al tren, caí en la cuenta de que había olvidado la cartera en casa.",spa,0,0,0,0,0,0,0,0,0,spa
La floristería está justo al otro lado de la calle.,spa,0,0,0,0,0,0,0,0,0,spa
你想走的时候就走吧。,cmn,0,0,0,0,0,0,0,0,0,cmn
"All I need to know about life, I learned from a snowman.",eng,0,0,1,0,0,0,0,0,1,eng
"Fueron, por la mayoría, jóvenes.",spa,0,0,0,0,0,0,0,0,0,spa
நாம எல்லார்கிட்டயும் சொல்ல வேண்டாம்.,tam,0,0,0,0,0,0,0,0,0,tam
तुम क्यों नहीं आए?,hin,0,0,0,0,0,0,0,0,0,hin
你对女人有一套。,cmn,0,0,1,0,0,0,0,0,1,cmn
离开火车站的时候，我看见一个男人。,cmn,0,0,1,0,0,0,0,0,1,cmn
She doesn't want to talk about it.,eng,0,0,0,0,0,0,0,0,0,eng
"Oh, ahora es realmente extraño...",spa,0,0,0,0,0,0,0,0,0,spa
हम बात कर सकते हैं क्या?,hin,0,0,0,0,0,0,0,0,0,hin
It's a pity that you can't buy miracles like you would buy potatoes.,eng,0,0,0,0,0,0,0,0,0,eng
मैं पानी के बिना इन गोलियों को निगल नहीं सकती।,hin,0,0,0,0,0,0,0,0,0,hin
"जब बारिश होती है, तो ज़बरदस्त होती है।",hin,0,0,0,0,0,0,0,0,0,hin
Mis padres siguen discutiendo por estupideces. ¡Es tan molesto!,spa,0,0,0,0,0,0,0,0,0,spa
इस कमरे में मेज़ है।,hin,1,0,0,0,0,0,0,0,1,hin
इस परिस्थिति में कठोर कदम उठाने होंगे।,hin,0,0,0,0,0,0,0,0,0,hin
அவனுக்கு நீச்சல் மீது பற்று உண்டு,tam,0,0,0,0,0,0,0,0,0,tam
"You lied to me, didn't you?",eng,0,0,0,0,0,0,0,0,0,eng
战争永远谈不上好，和平永远谈不上坏。,cmn,0,0,0,0,0,0,0,0,0,cmn
"Now that you are grown-up, you ought to know better.",eng,0,0,0,0,0,0,0,0,0,eng
पढ़के सुनाओ।,hin,0,0,0,0,0,0,0,0,0,hin
मैं अक्ल का मारा था जो तुम्हें वह समझाने की कोशिश करने बैठा जिसकी मुझे खुद ही समझ नहीं थी।,hin,1,0,0,0,0,0,0,0,1,hin
हमारी चिंता मत करो।,hin,1,0,0,0,0,0,0,0,1,hin
कल मैं पूरे दिन बिस्तर में था।,hin,0,0,0,0,0,0,0,0,0,hin
¿Por qué casarse con una mujer si le gustan los hombres?,spa,0,0,1,0,0,0,0,0,1,spa
उसने हमारा प्रस्ताव स्वीकार कर लिया।,hin,1,0,0,0,0,0,0,0,1,hin
He ayudado a mis padres con las tareas domésticas.,spa,0,0,0,0,0,0,0,0,0,spa
It's driving me crazy.,eng,0,0,1,0,0,1,0,0,1,eng
La calle estaba desierta después de las diez.,spa,1,0,0,0,0,0,0,0,1,spa
多美好的家庭啊！,cmn,0,0,0,0,0,0,0,0,0,cmn
"चल पड़ने के समय ""टन टन"" घंटी सी आवाज़ करती है, इस ही लिए ""टन टन"" गाड़ी बुलाई जाती है।",hin,0,0,0,0,0,0,0,0,0,hin
मैं ट्रैफ़िक जैम में फँस गया था।,hin,0,0,0,0,0,0,0,0,0,hin
முட்டாள்!,tam,0,0,1,0,0,1,0,0,1,tam
मुझे नहीं पता कि यह चिट्ठी किसने लिखी है।,hin,0,0,0,0,0,0,0,0,0,hin
Me gusta mucho mi trabajo.,spa,0,0,0,0,0,0,0,0,0,spa
Él es médico y también escritor de novelas.,spa,0,0,0,0,0,0,0,0,0,spa
Tom躲在桌子底下。,cmn,0,0,0,0,0,0,0,0,0,cmn
तुम राज़ रख सकते हो क्या?,hin,0,0,0,0,0,0,0,0,0,hin
You are way off track.,eng,0,0,0,0,0,0,0,0,0,eng
你回来之前我已经走了。,cmn,0,0,0,0,0,0,0,0,0,cmn
हमारे माता-पिता ने हमारी देखभाल की थी और अब हमारी बारी है उनकी देखभाल करने की।,hin,1,0,0,0,0,0,0,0,1,hin
"Hey, look, a three-headed monkey!",eng,0,0,0,0,0,0,0,0,0,eng
जंग की वजह से बहुत सारे लोग मर गए।,hin,1,0,0,0,0,0,0,0,1,hin
Este reloj no funciona.,spa,0,0,0,0,0,0,0,0,0,spa
The archer killed the deer.,eng,1,0,0,0,0,0,0,0,1,eng
நீ கோபமாக இருப்பாய் என்று எண்ணினேன்.,tam,0,0,0,0,0,0,0,0,0,tam
उसने मुझे अपना कमरा दिखाया।,hin,1,0,0,0,0,0,0,0,1,hin
Una mujer me preguntó por una calle.,spa,0,0,1,0,0,0,0,0,1,spa
我能休息一会儿吗？,cmn,0,0,0,0,0,0,0,0,0,cmn
मैं थोड़ी जापानी बोलना जानता हूँ।,hin,0,0,0,0,0,0,0,0,0,hin
Have you finished doing your homework yet?,eng,0,0,0,0,0,0,0,0,0,eng
पक्षी घोसले बनातें हैं।,hin,0,0,0,0,0,0,0,0,0,hin
धरती सूरज की परिक्रमा करती है।,hin,0,0,0,0,0,0,0,0,0,hin
Nadie me prestó ayuda.,spa,1,0,0,0,0,0,0,0,1,spa
நீ எவ்வகையான விளையாட்டை ஆடுகிறாய்?,tam,0,0,0,0,0,0,0,0,0,tam
Entre los invitados a la fiesta había dos mujeres extranjeras.,spa,0,0,1,0,0,0,0,0,1,spa
Tengo resaca.,spa,0,0,0,0,0,0,0,0,0,spa
तुम्हें मैं याद हूँ क्या?,hin,0,0,0,0,0,0,0,0,0,hin
"No, I cannot let you in, there's one person too many.",eng,0,0,1,0,0,0,0,0,1,eng
वह बीमारी की वजह से नहीं आ सका।,hin,1,0,0,0,0,0,0,0,1,hin
You seem to be an honest man.,eng,0,0,1,0,0,0,0,0,1,eng
वह कमरे में कूद-फदक कर रहा था।,hin,1,0,0,0,0,0,0,0,1,hin
这男人和他妻子互相帮助。,cmn,0,0,1,0,0,0,0,0,1,cmn
"वह छुपाछुपी कमरे से निकला, किसी ने भी उसको नहीं देखा।",hin,1,0,0,0,0,0,0,0,1,hin
¿Me has echado de menos?,spa,0,0,0,0,0,0,0,0,0,spa
¿Dónde está corriendo él ahora?,spa,0,0,0,0,0,0,0,0,0,spa
Rodaron la película en un verdadero desierto.,spa,0,0,0,0,0,0,0,0,0,spa
கருணை காட்டுங்கள்!,tam,0,0,0,0,0,0,0,0,0,tam
他讲不好法语。,cmn,0,0,0,0,0,0,0,0,0,cmn
தொடர்பில் இரு,tam,0,0,0,0,0,0,0,0,0,tam
Me sorprendieron las noticias inesperadas.,spa,1,0,0,0,0,0,0,0,1,spa
今天早上，我吃了面包夹黄油。,cmn,0,0,0,0,0,0,0,0,0,cmn
你要更好地利用闲暇时间。,cmn,0,0,0,0,0,0,0,0,0,cmn
Do you think mankind will someday colonize the Moon?,eng,0,0,1,0,0,0,0,0,1,eng
Les dije que me mandaran otro boleto.,spa,0,0,0,0,0,0,0,0,0,spa
不，我不是！你才是！,cmn,0,0,0,0,0,0,0,0,0,cmn
एसी बहुत आवाज़ करता है।,hin,0,0,0,0,0,0,0,0,0,hin
"Uh, now it's really weird...",eng,0,0,0,0,0,0,0,0,0,eng
不管问了什么，她都能回答。,cmn,0,0,0,0,0,0,0,0,0,cmn
He visitado la tumba de mi padre.,spa,0,0,0,0,0,0,0,0,0,spa
"He was born on July 28th, 1888.",eng,0,0,0,0,0,0,0,0,0,eng
मैं सात बजे सोकर उठता हूँ।,hin,0,0,0,0,0,0,0,0,0,hin
Do you believe in God?,eng,0,0,0,0,0,0,0,0,0,eng
I think you'd better go on a diet.,eng,1,0,0,0,0,0,0,0,1,eng
எலியைக் கொல்லாதே!,tam,1,0,0,0,0,0,0,0,1,tam
क्या मैं कमरा साफ़ कर सकती हूँ?,hin,1,0,0,0,0,0,0,0,1,hin
How did you come to know her?,eng,0,0,0,0,0,0,0,0,0,eng
There are many words that I don't understand.,eng,0,0,1,0,0,0,0,0,1,eng
वे इंग्लैंड के एक छोटे से गाँव में रहते हैं।,hin,0,0,0,0,0,0,0,0,0,hin
"Every time I join a new game of Warcraft, I am pitted against a new team of adversaries.",eng,0,0,0,0,0,0,0,0,0,eng
इस सवाल के सारे जवाब ग़लत थे।,hin,0,0,0,0,0,0,0,0,0,hin
சியோனிஸ்ட் திட்டம் 19ஆம் நூற்றாண்டின் பிற்பகுதியிலேயே ஆரம்பித்துவிட்டது.,tam,0,0,0,0,0,0,0,0,0,tam
Have you ever seen a UFO?,eng,0,0,0,0,0,0,0,0,0,eng
你昨天看到的那个男人是我叔叔。,cmn,0,0,1,0,0,0,0,0,1,cmn
我好胖哦。,cmn,0,0,0,0,0,0,0,0,0,cmn
मेरी दोनो बहनें शादीशुदा हैं।,hin,0,0,0,0,0,0,0,0,0,hin
我们尽情在湖里游泳。,cmn,0,0,0,0,0,0,0,0,0,cmn
I don't understand German.,eng,0,0,1,0,0,0,0,0,1,eng
आप थोड़ा आगे खिसक सकते हैं क्या?,hin,0,0,0,0,0,0,0,0,0,hin
My parents keep arguing about stupid things. It's so annoying!,eng,0,0,1,0,0,1,0,0,1,eng
Él también habla francés.,spa,0,0,0,0,0,0,0,0,0,spa
春天和秋天，你更喜欢哪个？,cmn,0,0,0,0,0,0,0,0,0,cmn
锄强扶弱，惩恶扬善。,cmn,0,0,0,0,0,0,0,0,0,cmn
What a man you are!,eng,0,0,1,0,0,0,0,0,1,eng
I don't want to spend the rest of my life regretting it.,eng,0,0,0,0,0,0,0,0,0,eng
Voy a demostrarte que no estoy equivocado.,spa,0,0,0,0,0,0,0,0,0,spa
"My friends always say I'm too calm, but my family always says I'm too annoying.",eng,0,0,0,0,0,0,0,0,0,eng
Pero no es necesario quedarse hasta el final.,spa,0,0,0,0,0,0,0,0,0,spa
உங்களுக்கு எத்தனை குழந்தைகள்?,tam,0,0,0,0,0,0,0,0,0,tam
I have to go to sleep.,eng,0,0,0,0,0,0,0,0,0,eng
"मैं तीन दिनों से नहीं सोया हूँ, बस थकान से मरा जा रहा हूँ।",hin,1,0,0,0,0,0,0,0,1,hin
"In business today, too many executives spend money they haven't earned, to buy things they don't need, to impress people they don't even like.",eng,0,0,1,0,0,0,0,0,1,eng
The statue of the Minute Man commemorates the valiant soldiers who fought in the Revolutionary War.,eng,1,0,1,0,0,0,0,0,1,eng
आज सुबह मौसम इतना खराब था कि मुझे टैक्सी लेनी पड़ी।,hin,0,0,0,0,0,0,0,0,0,hin
कहा जाता है कि औरतों की उम्र आदमियों से ज़्यादा लम्बी होती है।,hin,0,0,1,0,0,0,0,0,1,hin
हमारी मीटिंग कभी-कभार ही टाईम पर शुरू होती है।,hin,1,0,0,0,0,0,0,0,1,hin
बाएं मुड़ो और तुम्हें एक कैफ़े मिलेगा।,hin,0,0,0,0,0,0,0,0,0,hin
一个丑男人敲了我的门。,cmn,0,0,1,0,0,0,0,0,1,cmn
"Yo nunca pensé en eso, dijo el hombre mayor. ""¿Qué deberíamos hacer?""",spa,0,0,1,0,0,0,0,0,1,spa
想吃多少饼干就吃多少。,cmn,0,0,0,0,0,0,0,0,0,cmn
She was wearing a black hat.,eng,0,0,0,1,0,0,0,0,1,eng
वह अपने कमरे में रो रही थी।,hin,1,0,0,0,0,0,0,0,1,hin
What are you going to be?,eng,0,0,0,0,0,0,0,0,0,eng
न उसको फ़्रानसीसी बोलनी आती है न मुझे।,hin,0,0,0,0,0,0,0,0,0,hin
他狼吞虎咽地吃了一顿。,cmn,0,0,0,0,0,0,0,0,0,cmn
"你有几个姐姐,几个哥哥?",cmn,0,0,0,0,0,0,0,0,0,cmn
你是我的一切。,cmn,0,0,0,0,0,0,0,0,0,cmn
狗的嗅觉灵敏。,cmn,0,0,0,0,0,0,0,0,0,cmn
நம்ப முடியவில்லை!,tam,0,0,0,0,0,0,0,0,0,tam
他和她一样高。,cmn,0,0,0,0,0,0,0,0,0,cmn
During winter I sleep with two blankets.,eng,0,0,0,0,0,0,0,0,0,eng
ஒரு நாயின் படத்தை வரைந்தான்,tam,0,0,0,0,0,0,0,0,0,tam
बारह बजने वाले हैं।,hin,0,0,0,0,0,0,0,0,0,hin
¿Aún te sigues preguntando cuál es el sentido de la vida?,spa,0,0,0,0,0,0,0,0,0,spa
मैंने उसे तीन बार देखा है।,hin,0,0,0,0,0,0,0,0,0,hin
I managed to get in.,eng,0,0,1,0,0,0,0,0,1,eng
El carácter obligatorio de la escolaridad es rara vez analizado en la multitud de trabajos dedicados al estudio de las varias maneras de desarrollar en los niños el deseo de aprender.,spa,0,0,0,0,0,0,0,0,0,spa
चाहे जो भी हो आत्महत्या मत करना!,hin,1,0,0,0,0,0,0,0,1,hin
Las niñas estaban sentadas una al lado de otra.,spa,0,0,0,0,0,0,0,0,0,spa
दरवाज़े पर एक आदमी दिखाई दिया।,hin,0,0,1,0,0,0,0,0,1,hin
No puede ser que lo haya escrito ella misma.,spa,0,0,0,0,0,0,0,0,0,spa
Me gustaría poder hablar un poco.,spa,0,0,0,0,0,0,0,0,0,spa
"Quien busca, encuentra.",spa,0,0,0,0,0,0,0,0,0,spa
Blind people sometimes develop a compensatory ability to sense the proximity of objects around them.,eng,0,0,0,0,0,1,0,0,1,eng
我不知道它是从哪里来的。,cmn,0,0,0,0,0,0,0,0,0,cmn
उसने दरवाज़े पर खटखटाया।,hin,0,0,0,0,0,0,0,0,0,hin
Entonces tenemos un problema...,spa,0,0,0,0,0,0,0,0,0,spa
Ellos lo dieron por muerto.,spa,1,0,0,0,0,0,0,0,1,spa
All you have to do is do your best.,eng,0,0,0,0,0,0,0,0,0,eng
她认为计划很好，但不可行。,cmn,0,0,0,0,0,0,0,0,0,cmn
मैंने उस औरत को गुस्सा दिलाया।,hin,0,0,1,0,0,0,0,0,1,hin
மயிர்.,tam,0,0,0,0,0,0,0,0,0,tam
I may give up soon and just nap instead.,eng,0,0,0,0,0,0,0,0,0,eng
"Hey, I may have no money, but I still have my pride.",eng,0,0,0,0,0,0,0,0,0,eng
वह चिट्ठी को डाक में डालना भूल गई।,hin,0,0,0,0,0,0,0,0,0,hin
There is no distance on this earth as far away as yesterday.,eng,0,0,0,0,0,0,0,0,0,eng
怎么了？,cmn,0,0,0,0,0,0,0,0,0,cmn
It's lonely in the saddle since the horse died.,eng,1,0,0,0,0,0,0,0,1,eng
I need your advice.,eng,0,0,0,0,0,0,0,0,0,eng
我胃疼。,cmn,0,0,0,0,0,0,0,0,0,cmn
Me estaba preguntando si vendrías hoy.,spa,0,0,0,0,0,0,0,0,0,spa
You are as tall as I am.,eng,0,0,0,0,0,0,0,0,0,eng
Llevaba un sombrero negro.,spa,0,0,0,1,0,0,0,0,1,spa
Él me mintió.,spa,0,0,0,0,0,0,0,0,0,spa
वह क्लास में हमेशा देर से आता है।,hin,0,0,0,0,0,0,0,0,0,hin
他的包就在这儿，所以他不可能已经去了学校。,cmn,0,0,0,0,0,0,0,0,0,cmn
Ella asumió toda la responsabilidad de sus actos.,spa,0,0,0,0,0,0,0,0,0,spa
Pasó una semana antes que Jane se mejorara de su resfrío.,spa,0,0,0,0,0,0,0,0,0,spa
जैसा करना वैसा भरना।,hin,0,0,0,0,0,0,0,0,0,hin
मैं थकान से मरा जा रहा था।,hin,1,0,0,0,0,0,0,0,1,hin
Estas hamburguesas están más ricas que las de aquel local.,spa,0,0,1,0,0,1,0,0,1,spa
"In the 1950's, the Finns were cited as having one of the least healthy diets in the world.",eng,1,0,0,0,0,0,0,0,1,eng
"If you see a man approaching you with the obvious intention of doing you good, you should run for your life.",eng,0,0,1,0,0,0,0,0,1,eng
"Please, can you indicate this to me on the map?",eng,0,0,0,0,0,0,0,0,0,eng
¿Por qué no vas en mi lugar?,spa,0,0,0,0,0,0,0,0,0,spa
ஆப்பிரிக்க கண்டத்தில் கிளிமஞ்சாரோவிற்கு அடுத்தபடியாக கென்யா மலையில் இரண்டாவது மிக உயரமான மலைமுகடு உள்ளது.,tam,0,0,0,0,0,0,0,0,0,tam
这周我一直在工作。,cmn,0,0,0,0,0,0,0,0,0,cmn
他为美国承受了比我们大多数人所能想象的更多的牺牲。,cmn,0,0,0,0,0,0,0,0,0,cmn
他们午饭吃了三明治。,cmn,0,0,0,0,0,0,0,0,0,cmn
游泳使腿部强健。,cmn,0,0,0,0,0,0,0,0,0,cmn
எவன்?,tam,0,0,0,0,0,0,0,0,0,tam
Seguramente él me llamará por teléfono esta noche.,spa,0,0,0,0,0,0,0,0,0,spa
एक बूढ़ा आदमी पेड़ की छाया में आराम कर रहा था।,hin,0,0,1,0,0,0,0,0,1,hin
生活就是當你忙著進行你的計劃時總有其他的事情發生。,cmn,0,0,0,0,0,0,0,0,0,cmn
Are you not tired?,eng,0,0,0,0,0,0,0,0,0,eng
स्कूल साढ़े-आठ बजे शुरू होता है।,hin,0,0,0,0,0,0,0,0,0,hin
It's a pity when somebody dies.,eng,1,0,0,0,0,0,0,0,1,eng
你开始学习英语了吗？,cmn,0,0,0,0,0,0,0,0,0,cmn
"Every man's work, whether it be literature or music or a picture or architecture or anything else, is always a portrait of himself.",eng,0,0,1,0,0,0,0,0,1,eng
You look very charming today.,eng,0,0,0,0,0,0,0,0,0,eng
那是我每天在火车上看到的男人。,cmn,0,0,1,0,0,0,0,0,1,cmn
男人应该工作。,cmn,0,0,1,0,0,0,0,0,1,cmn
Hay una casa en la colina.,spa,0,0,0,0,0,0,0,0,0,spa
उसने अपने बच्चों को अच्छी शिक्षा दी।,hin,0,0,0,0,0,0,0,0,0,hin
Nothing is impossible for the man who doesn't have to do it himself.,eng,0,0,1,0,0,0,0,0,1,eng
他的房子又小又旧。,cmn,0,0,0,0,0,0,0,0,0,cmn
Voy a la escuela porque quiero aprender.,spa,0,0,0,0,0,0,0,0,0,spa
你怎么会不知道？,cmn,0,0,0,0,0,0,0,0,0,cmn
The Germans are very crafty.,eng,0,0,1,0,0,0,0,0,1,eng
很少人这么认为。,cmn,0,0,0,0,0,0,0,0,0,cmn
बिजली चली गई।,hin,0,0,0,0,0,0,0,0,0,hin
वह धूल से लिपटी हुई गुड़िया कमरे के कोने में खड़ी हुई थी।,hin,1,0,0,0,0,0,0,0,1,hin
मुझे दिल की बीमारी है।,hin,1,0,0,0,0,0,0,0,1,hin
उस तरह का आदमी मुझसे झिलता नहीं है।,hin,0,0,1,0,0,0,0,0,1,hin
"You have only to study hard, and you will pass the test.",eng,0,0,0,0,0,0,0,0,0,eng
There are too many things to do!,eng,0,0,1,0,0,0,0,0,1,eng
由医生来决定某人何时该死是对的吗？,cmn,1,0,0,0,0,0,0,0,1,cmn
我有一个哥哥，也有一个姐姐。,cmn,0,0,0,0,0,0,0,0,0,cmn
等她回来的时候问问她。,cmn,0,0,0,0,0,0,0,0,0,cmn
我对外籍员工没有偏见。,cmn,0,0,0,0,0,0,0,0,0,cmn
यह इमारत बहुत ही सुंदर रंग के संगमरमर की बनी है।,hin,1,0,0,0,0,0,0,0,1,hin
हमने मान लिया था कि वह हमारे साथ आएगा।,hin,1,0,0,0,0,0,0,0,1,hin
"I'm sorry, I can't stay long.",eng,0,0,0,0,0,0,0,0,0,eng
अपनी मर्यादा अपने हाथ,hin,1,0,0,0,0,0,0,0,1,hin
You make me dream.,eng,0,0,0,0,0,0,0,0,0,eng
我不知道她是什么时候结婚的。,cmn,0,0,0,0,0,0,0,0,0,cmn
केन खुश है।,hin,0,0,0,0,0,0,0,0,0,hin
எனக்கு முன்னால் நட,tam,0,0,0,0,0,0,0,0,0,tam
Realmente necesito golpear a alguien.,spa,0,0,0,0,0,0,0,0,0,spa
要完成实验，三个月太短了。,cmn,0,0,0,0,0,0,0,0,0,cmn
¡Aborrezco profundamente la escritura formal!,spa,0,0,0,0,0,0,0,0,0,spa
Parece ser que en aquel momento él era rico.,spa,0,0,0,0,0,0,0,0,0,spa
उसने मुझसे पूछा कि मैं उसका पता जानता था या नहीं।,hin,0,0,0,0,0,0,0,0,0,hin
मुझे भरोसा है कि इस तरह की दवाई तुम्हारी बीमारी के लिए असरदार होगी।,hin,1,0,0,0,0,0,0,0,1,hin
Wolves won't usually attack people.,eng,1,0,0,0,0,0,0,0,1,eng
那是我該說的話!,cmn,0,0,0,0,0,0,0,0,0,cmn
इस घर में छः कमरे हैं।,hin,1,0,0,0,0,0,0,0,1,hin
हमारे पास सोचने के लिए बहुत सारी बातें हैं।,hin,1,0,0,0,0,0,0,0,1,hin
I'd like to study in Paris.,eng,0,0,0,0,0,0,0,0,0,eng
Who are those guys?,eng,0,0,0,0,0,0,0,0,0,eng
She has as many books as I.,eng,0,0,1,0,0,0,0,0,1,eng
Paris is the most beautiful city in the world.,eng,0,0,0,0,0,0,0,0,0,eng
书桌上有几本书。,cmn,0,0,0,0,0,0,0,0,0,cmn
मेरे कमरे में टीवी नहीं है।,hin,1,0,0,0,0,0,0,0,1,hin
"Even now, many years after the Cold War, there is still much rancor between the Russians and the Germans, especially in areas once occupied by the Soviet Union.",eng,0,0,1,0,0,0,0,0,1,eng
I always liked mysterious characters more.,eng,0,0,0,0,0,0,0,0,0,eng
He's already a man.,eng,0,0,1,0,0,0,0,0,1,eng
Yutaka tiene dos hermanos mayores.,spa,0,0,0,0,0,0,0,0,0,spa
Most people think I'm crazy.,eng,0,0,1,0,0,1,0,0,1,eng
Don't you know that he passed away two years ago?,eng,0,0,0,0,0,0,0,0,0,eng
Mis zapatos negros necesitan un arreglo de los tacones.,spa,0,0,0,1,0,0,0,0,1,spa
What do you think I've been doing?,eng,0,0,0,0,0,0,0,0,0,eng
"Ya que he vivido en Tokio antes, conozco bastante bien la ciudad.",spa,0,0,0,0,0,0,0,0,0,spa
¡Muchas gracias!,spa,0,0,0,0,0,0,0,0,0,spa
"Si pudiera enviarte un malvavisco, Trang, lo haría.",spa,1,0,0,0,0,0,0,0,1,spa
"¡Vamos! Háblame, Trang.",spa,0,0,0,0,0,0,0,0,0,spa
¿Dónde estás?,spa,0,0,0,0,0,0,0,0,0,spa
"If you don't eat, you die.",eng,1,0,0,0,0,0,0,0,1,eng
பலர் அவர்கள் ஈட்டுவதைவிட கூடுதலாகச் செலவிடுகின்றனர்.,tam,0,0,0,0,0,0,0,0,0,tam
"The wealthy, self-indulgent young man felt oddly drawn to the strict, ascetic life led by members of some monastic orders.",eng,0,0,1,0,0,0,0,0,1,eng
我觉得这个网站的构思非常好。,cmn,0,0,0,0,0,0,0,0,0,cmn
अपना कमरा जितना साफ़-सुथरा रख सकते हो रखो।,hin,1,0,0,0,0,0,0,0,1,hin
It's no use pretending to make me believe that I believe things you don't believe!,eng,0,0,0,0,0,0,0,0,0,eng
Ese hombre estuvo una hora hablando.,spa,0,0,1,0,0,0,0,0,1,spa
Adoro la lasaña.,spa,0,0,0,0,0,0,0,0,0,spa
"Thank you. ""You're welcome.""",eng,0,0,0,0,0,0,0,0,0,eng
हमारी हाँग काँग की ट्रिप को कैनसल कर दोगे क्या?,hin,1,0,0,0,0,0,0,0,1,hin
"Could you turn on the light, please?",eng,0,0,0,0,0,0,0,0,0,eng
在非洲找不到野生的老虎。,cmn,0,0,0,0,0,0,0,0,0,cmn
"You don't go to school on Sunday, do you?",eng,0,0,0,0,0,0,0,0,0,eng
நீ என்ன செய்யத் திட்டமிட்டிருக்கிறாய்,tam,0,0,0,0,0,0,0,0,0,tam
You need to study harder.,eng,0,0,0,0,0,0,0,0,0,eng
That's the stupidest thing I've ever said.,eng,0,0,1,0,0,1,0,0,1,eng
"En países como Noruega o Finlandia, la nieve es abundante en invierno.",spa,0,0,0,0,0,0,0,0,0,spa
许多工人死于饥饿。,cmn,1,0,0,0,0,0,0,0,1,cmn
The early bird catches the worm.,eng,0,0,0,0,0,0,0,0,0,eng
¿Tiene dificultades para comprender lo que le dicen mujeres o niños pequeños?,spa,0,0,1,0,0,0,0,0,1,spa
Esta es la misma cámara que perdí.,spa,0,0,0,0,0,0,0,0,0,spa
在公车上，一个陌生人和我说了话。,cmn,0,0,0,0,0,0,0,0,0,cmn
死是唯一的解脱吗？,cmn,1,0,0,0,0,0,0,0,1,cmn
Could you dial for me? The telephone is too high.,eng,0,0,0,0,0,0,0,0,0,eng
एक भाषा कभी काफ़ी नहीं होती।,hin,0,0,0,0,0,0,0,0,0,hin
बारिश मेरे चेहरे पर गिर रही थी।,hin,0,0,0,0,0,0,0,0,0,hin
You will find it stated a few pages further on.,eng,0,0,0,0,0,0,0,0,0,eng
Se le pidió que rindiera cuentas de su conducta.,spa,1,0,0,0,0,0,0,0,1,spa
டாம் கால்பந்தை எடுத்தார்.,tam,0,0,0,0,0,0,0,0,0,tam
是在这点上我们的意见有分歧。,cmn,0,0,0,0,0,0,0,0,0,cmn
¡Sería genial si pudiera hablar diez idiomas!,spa,1,0,0,0,0,0,0,0,1,spa
You should have accepted his advice.,eng,0,0,0,0,0,0,0,0,0,eng
I knew it was plastic but it tasted like wood.,eng,0,0,0,0,0,0,0,0,0,eng
谁是你的汉语老师?,cmn,0,0,0,0,0,0,0,0,0,cmn
"En una sociedad acomodada, la mayoría de las personas tienen altos estándares de vida.",spa,0,0,0,0,0,0,0,0,0,spa
मैं जहाँ भी जाता हूँ हमेशा अपना कैमरा ले कर जाता हूँ।,hin,1,0,0,0,0,0,0,0,1,hin
"Nuestro profesor dice que nuestra escuela es la primera del estado, y en cierto modo es la verdad.",spa,0,0,0,0,0,0,0,0,0,spa
Ven a las diez en punto.,spa,1,0,0,0,0,0,0,0,1,spa
Es posible que el partido de fútbol se suspenda a causa de la lluvia.,spa,0,0,0,0,0,0,0,0,0,spa
Éste es el tren con destino a Nueva York.,spa,0,0,0,0,0,0,0,0,0,spa
நீ ஒரு வழி காட்டி,tam,0,0,0,0,0,0,0,0,0,tam
男人能娶到一个好妻子是很幸福的。,cmn,0,0,1,0,0,0,0,0,1,cmn
You have many books.,eng,0,0,1,0,0,0,0,0,1,eng
दुनिया मेरे बिना खुशी से मुस्कुराएगी।,hin,0,0,0,0,0,0,0,0,0,hin
No sé si tengo tiempo.,spa,0,0,0,0,0,0,0,0,0,spa
Ella parece poseída por un espíritu maligno.,spa,0,0,0,0,0,0,0,0,0,spa
मैं खुशकिसमत था कि सफ़ल हो गया।,hin,0,0,0,0,0,0,0,0,0,hin
तुम्हारे पैर सूज गए हैं क्योंकि तुम्हारे जूते बहुत छोटे हैं।,hin,0,0,0,0,0,0,0,0,0,hin
वह हमेशा अपनी टीचर की शिक़ायत करती है।,hin,0,0,0,0,0,0,0,0,0,hin
El coste de la vida ha aumentado drásticamente.,spa,0,0,0,0,0,0,0,0,0,spa
Why are you sorry for something you haven't done?,eng,0,0,0,0,0,0,0,0,0,eng
Ese adivino no es más que un mentiroso.,spa,0,0,0,0,0,0,0,0,0,spa
你其实没必要带伞。,cmn,0,0,0,0,0,0,0,0,0,cmn
"You should eat more, or you won't get well soon.",eng,0,0,0,0,0,0,0,0,0,eng
मुझे अगले हफ़्ते देखने आओगे ना?,hin,0,0,0,0,0,0,0,0,0,hin
You look happy today.,eng,0,0,0,0,0,0,0,0,0,eng
Mi padre dejó de beber.,spa,0,0,0,0,0,0,0,0,0,spa
Do you take me for a fool?,eng,0,0,0,0,0,0,0,0,0,eng
मैं टैक्सी का इंतेज़ार कर रहा था।,hin,0,0,0,0,0,0,0,0,0,hin
她去过巴黎。,cmn,0,0,0,0,0,0,0,0,0,cmn
你更喜欢哪个，这个还是那个？,cmn,0,0,0,0,0,0,0,0,0,cmn
No estoy de acuerdo con que una mujer joven vaya allí sola.,spa,0,0,1,0,0,0,0,0,1,spa
坐在我旁边的男人跟我说话了。,cmn,0,0,1,0,0,0,0,0,1,cmn
उसने पत्थर को अपने हाथ में रखकर तोला।,hin,0,0,0,0,0,0,0,0,0,hin
我有很多朋友帮我。,cmn,0,0,0,0,0,0,0,0,0,cmn
死刑在美国的很多州都被废除了。,cmn,1,0,0,0,0,0,0,0,1,cmn
You will need much more money than you do now.,eng,0,0,0,0,0,0,0,0,0,eng
छोटी उम्र में मरना उसके भाग्य में था।,hin,1,0,0,0,0,0,0,0,1,hin
"A un hombre cuya mujer está muerta, se llama un viudo.",spa,0,0,1,0,0,0,0,0,1,spa
The problem with many things is the pre-conceived ideas we have about them!,eng,0,0,1,0,0,0,0,0,1,eng
ஆரம்பி!,tam,0,0,0,0,0,0,0,0,0,tam
你不应该在学校大楼里奔跑。,cmn,0,0,0,0,0,0,0,0,0,cmn
Mathematicians are like French people: whatever you tell them they translate it into their own language and turn it into something totally different.,eng,0,0,0,0,0,0,0,0,0,eng
Lo vi correr.,spa,0,0,0,0,0,0,0,0,0,spa
वह स्पोर्ट्स गाड़ियों के बारे में पागल है।,hin,0,0,1,0,0,1,0,0,1,hin
“这些车是你的吗？”“是的，是我的。”,cmn,0,0,0,0,0,0,0,0,0,cmn
¿Qué sería del mundo sin las mujeres?,spa,0,0,1,0,0,0,0,0,1,spa
"¡No fui yo, comisario!",spa,0,0,0,0,0,0,0,0,0,spa
अपने पैर धोओ।,hin,0,0,0,0,0,0,0,0,0,hin
由于噪音，我们无法入睡。,cmn,0,0,0,0,0,0,0,0,0,cmn
I wish she would stop playing that stupid music.,eng,0,0,1,0,0,1,0,0,1,eng
他把她的秘密告诉了他的朋友。,cmn,0,0,0,0,0,0,0,0,0,cmn
我四点再打过来。,cmn,0,0,0,0,0,0,0,0,0,cmn
அவனுக்குக் கடல் என்றால் பயம்,tam,0,0,0,0,0,0,0,0,0,tam
"लुई, तुम्हारे दोस्त आ रहे हैं।",hin,0,0,0,0,0,0,0,0,0,hin
அவள் அவனுக்கு ஒரு புத்தகத்தைக் கொடுத்தாள்,tam,0,0,0,0,0,0,0,0,0,tam
बैट और बॉल दोनो कल एकसाथ चोरी हो गए।,hin,0,0,0,0,0,0,0,0,0,hin
你昨天早上在打网球吗？,cmn,0,0,0,0,0,0,0,0,0,cmn
நிறைய மக்கள் நான் பைத்தியம் என்று எண்ணுகிறார்கள்,tam,0,0,1,0,0,1,0,0,1,tam
Es una palabra para la que me gustaría encontrar una sustituta.,spa,0,0,0,0,0,0,0,0,0,spa
मैं हर रोज़ अपनी डायरी में लिखती हूँ।,hin,0,0,0,0,0,0,0,0,0,hin
Me hicieron esperar cerca de 30 minutos.,spa,0,0,0,0,0,0,0,0,0,spa
You will be up against many difficulties.,eng,0,0,1,0,0,0,0,0,1,eng
I don't want to hear any more of your complaining.,eng,0,0,0,0,0,0,0,0,0,eng
उसने बच्चे को आग से बचाया।,hin,0,0,0,0,0,0,0,0,0,hin
Puede ser que la felicidad que nos espera allí no sea para nada la clase de felicidad que nosotros quisiéramos.,spa,0,0,0,0,0,0,0,0,0,spa
¿Son todos iguales?,spa,0,0,0,0,0,0,0,0,0,spa
Amar y ser amado es la mayor de las felicidades en esta vida.,spa,0,0,0,0,0,0,0,0,0,spa
मेरे ताऊजी क्रिकेट के शौकिया खिलाड़ी हैं।,hin,0,0,0,0,0,0,0,0,0,hin
I think it is best not to be impolite.,eng,0,0,0,0,0,0,0,0,0,eng
Las mujeres de verdad tienen curvas.,spa,0,0,1,0,0,0,0,0,1,spa
Su mujer es francesa.,spa,0,0,1,0,0,0,0,0,1,spa
मुझे जगे रहने के लिए शायद और कॉफ़ी पीनी पड़ेगी।,hin,0,0,0,0,0,0,0,0,0,hin
Un millón de personas perdieron la vida en la guerra.,spa,1,0,0,0,0,0,0,0,1,spa
ग़लतियाँ करने से मत डरो।,hin,0,0,0,0,0,0,0,0,0,hin
你爸爸很高。,cmn,0,0,0,0,0,0,0,0,0,cmn
You did this intentionally!,eng,0,0,0,0,0,0,0,0,0,eng
यह मेरा कुत्ता है।,hin,0,0,0,0,0,0,0,0,0,hin
मैं तुम्हारी आँखों में मर चुका हूँ।,hin,1,0,0,0,0,0,0,0,1,hin
No soy el único que tiene esta opinión.,spa,0,0,0,0,0,0,0,0,0,spa
La audiencia fue profundamente conmovida.,spa,1,0,0,0,0,0,0,0,1,spa
What is the advantage of this technology?,eng,0,0,0,0,0,0,0,0,0,eng
Creationism is a pseudo-science.,eng,0,0,0,0,0,0,0,0,0,eng
The audience acclaimed the actors for their performance.,eng,1,0,1,0,0,0,0,0,1,eng
उसने मुझसे एक एहसान माँगा।,hin,0,0,0,0,0,0,0,0,0,hin
"Oh, my white pants! And they were new.",eng,0,0,0,1,0,0,0,0,1,eng
वह बीमारी की वजह से हमारे साथ नहीं आ सका।,hin,1,0,0,0,0,0,0,0,1,hin
Sadly many people will believe things told to them via an email which they would find implausible face-to-face.,eng,0,0,1,0,0,0,0,0,1,eng
Me encontraste donde nadie estaba buscando.,spa,1,0,0,0,0,0,0,0,1,spa
The second half of a man's life is made up of nothing but the habits he has acquired during the first half.,eng,0,0,1,0,0,0,0,0,1,eng
The discrepancy between the stories of the two parties involved in the accident was so great that the authorities had a hard time deciding which side was telling the truth.,eng,0,0,0,0,0,0,0,0,0,eng
You'll have to manufacture some kind of excuse.,eng,0,0,1,0,0,0,0,0,1,eng
迟做总比不做好。,cmn,0,0,0,0,0,0,0,0,0,cmn
You're such a cute boy.,eng,0,0,0,0,0,0,0,0,0,eng
¿Cuándo volviste de tu viaje?,spa,0,0,0,0,0,0,0,0,0,spa
我讨厌化学。,cmn,0,0,0,0,0,0,0,0,0,cmn
我怕你没法跟她结婚。,cmn,0,0,0,0,0,0,0,0,0,cmn
他寻找一切可能的逃生途径。,cmn,0,0,0,0,0,0,0,0,0,cmn
मैंने कल रात एक प्रेम पत्र लिखा था।,hin,0,0,0,0,0,0,0,0,0,hin
Le dieron gracias a Dios.,spa,1,0,0,0,0,0,0,0,1,spa
तुमने अपना कमरा साफ़ किया है कि नहीं?,hin,1,0,0,0,0,0,0,0,1,hin
मैं तुम्हारा जितना हो सकेगा उतना मदद करूँगा।,hin,0,0,0,0,0,0,0,0,0,hin
La dieta básica de los japoneses es arroz y pescado.,spa,1,0,0,0,0,0,0,0,1,spa
日本的首都是东京。,cmn,0,0,0,0,0,0,0,0,0,cmn
Esta bicicleta lleva colocada aquí desde principios de mes.,spa,0,0,1,0,0,1,0,0,1,spa
मैं एक रात और रह सकता हूँ क्या?,hin,0,0,0,0,0,0,0,0,0,hin
A causa de la gran nevada el tren se retrasó diez minutos.,spa,1,0,0,0,0,0,0,0,1,spa
这部电影为她赢得了人气。,cmn,0,0,0,0,0,0,0,0,0,cmn
"Even though he apologized, I'm still furious.",eng,0,0,0,0,0,0,0,0,0,eng
他以牺牲自己的健康为代价完成了这项工作。,cmn,0,0,0,0,0,0,0,0,0,cmn
तुम टेनिस कब खेलना चाहते हो?,hin,0,0,0,0,0,0,0,0,0,hin
वह उसकी खरीदी हुई अँगूठी को देखकर खुशी से पागल हो गई।,hin,0,0,1,0,0,1,0,0,1,hin
那是一隻有惡意的兔子。,cmn,0,0,0,0,0,0,0,0,0,cmn
我感觉好像死了一样。,cmn,1,0,0,0,0,0,0,0,1,cmn
孩子给他刚死了的狗挖了个坟。,cmn,1,0,0,0,0,0,0,0,1,cmn
I love lasagna.,eng,0,0,0,0,0,0,0,0,0,eng
Nadie vino.,spa,1,0,0,0,0,0,0,0,1,spa
Mi padre está ocupado escribiendo cartas.,spa,0,0,0,0,0,0,0,0,0,spa
बिल गुनहगार नहीं था।,hin,0,0,0,0,0,0,0,0,0,hin
El hombre que está allá leyendo un diario es mi tío.,spa,0,0,1,0,0,0,0,0,1,spa
कौआ कोयले जैसा काला होता है।,hin,0,0,0,1,0,0,0,0,1,hin
कमरे को साफ़ करो।,hin,1,0,0,0,0,0,0,0,1,hin
¿Qué diantres pretenderá él?,spa,0,0,0,0,0,0,0,0,0,spa
他现在在英国工作.,cmn,0,0,0,0,0,0,0,0,0,cmn
Existe una pequeña posibilidad de recaída.,spa,0,0,0,0,0,0,0,0,0,spa
तुम उस ड्रेस में अच्छी लगती हो।,hin,0,0,0,0,0,0,0,0,0,hin
மன்னிக்கவும்.,tam,0,0,0,0,0,0,0,0,0,tam
इस कमरे में धूम्रपान करना मना है।,hin,1,0,0,0,0,0,0,0,1,hin
रेलगाड़ी में १५ डब्बे हैं।,hin,0,0,0,0,0,0,0,0,0,hin
Este texto está escrito en inglés simple.,spa,0,0,0,0,0,0,0,0,0,spa
You should emphasize that fact.,eng,0,0,0,0,0,0,0,0,0,eng
圣诞节的时候，我们送圣诞卡给朋友。,cmn,0,0,0,0,0,0,0,0,0,cmn
मुझे ट्राए करने दो।,hin,0,0,0,0,0,0,0,0,0,hin
आप इस घर के मालिक हैं क्या?,hin,0,0,0,0,0,0,0,0,0,hin
उसे किसी से भी बात करने का मन नहीं था।,hin,0,0,0,0,0,0,0,0,0,hin
You ran a red light.,eng,0,0,0,0,0,0,0,0,0,eng
Computers make people stupid.,eng,0,0,1,0,0,1,0,0,1,eng
"If you don't want to put on sunscreen, that's your problem. Just don't come complaining to me when you get a sunburn.",eng,0,0,0,0,0,0,0,0,0,eng
You should read such books as will benefit you.,eng,0,0,0,0,0,0,0,0,0,eng
You're lucky because he didn't bite you.,eng,0,0,0,0,0,0,0,0,0,eng
बुरी खबर तेज़ी से फैलती है।,hin,0,0,0,0,0,0,0,0,0,hin
"He visto a ese hombre antes, a menos que me equivoque.",spa,0,0,1,0,0,0,0,0,1,spa
वह औरत दिखने से अमीर लगती है।,hin,0,0,1,0,0,0,0,0,1,hin
Este es el vestido que confeccioné la semana pasada.,spa,0,0,0,0,0,0,0,0,0,spa
I ate caviar.,eng,0,0,0,0,0,0,0,0,0,eng
उसने हमारे लिए बहुत ही शानदार भोजन तैयार किया।,hin,1,0,0,0,0,0,0,0,1,hin
"Denying she was an anarchist, Katja maintained she wished only to make changes in our government, not to destroy it.",eng,1,0,0,0,0,0,0,0,1,eng
I'll bring you the bill immediately.,eng,0,0,0,0,0,0,0,0,0,eng
The profane language used on network television makes many parents with young children not want to subscribe to cable.,eng,0,0,1,0,0,0,0,0,1,eng
मेरी को राजनीति में दिलचस्पी है।,hin,0,0,0,0,0,0,0,0,0,hin
他把他的手从桌上移开了。,cmn,0,0,0,0,0,0,0,0,0,cmn
"Encontré una solución, pero la encontré tan rápido que no puede ser la correcta.",spa,0,0,0,0,0,0,0,0,0,spa
你的中文老师是谁？,cmn,0,0,0,0,0,0,0,0,0,cmn
जब मैं अठारह साल का था मैंने गाड़ी चलानी सीखी और लाईसेंस बनवालिया।,hin,0,0,0,0,0,0,0,0,0,hin
Hoy no me viene bien.,spa,0,0,0,0,0,0,0,0,0,spa
I like candlelight.,eng,0,0,0,0,0,0,0,0,0,eng
You must state the fact as it is.,eng,0,0,0,0,0,0,0,0,0,eng
मुझे केक अच्छा लगता है।,hin,0,0,0,0,0,0,0,0,0,hin
It is very hot today.,eng,0,0,0,0,0,0,0,0,0,eng
John tiene empleadas a 200 personas.,spa,0,0,0,0,0,0,0,0,0,spa
"En una realidad tridimensional, fuerzas como el electromagnetismo operan sólo tridimensionalmente y se comportan según las leyes tradicionales de la física.",spa,0,0,0,0,0,0,0,0,0,spa
You have only to follow the directions.,eng,0,0,0,0,0,0,0,0,0,eng
You should be ashamed of your conduct.,eng,0,0,0,0,0,0,0,0,0,eng
"वह आदमी तो भला है, पर बात बहुत ज़्यादा करता है।",hin,0,0,1,0,0,0,0,0,1,hin
这个工作没有酬劳。,cmn,0,0,0,0,0,0,0,0,0,cmn
मुझे नहीं पता कि वह आएगी कि नहीं।,hin,0,0,0,0,0,0,0,0,0,hin
मुझे तुम्हें स्टेशन तक पहुँचाने दो।,hin,0,0,0,0,0,0,0,0,0,hin
म्यूरियल भारतीय है।,hin,0,0,0,1,0,0,0,0,1,hin
谁来为风险投资提供资金？,cmn,0,0,0,0,0,0,0,0,0,cmn
बीमारी से लड़ना।,hin,1,0,0,0,0,0,0,0,1,hin
Do you know where the girl lives?,eng,0,0,0,0,0,0,0,0,0,eng
"Good morning, said Tom with a smile.",eng,0,0,0,0,0,0,0,0,0,eng
A ella le comenzó a gustar esa casa.,spa,0,0,0,0,0,0,0,0,0,spa
இது உங்க கிட்ட சின்ன அளவுல இருக்கா?,tam,0,0,0,0,0,0,0,0,0,tam
वह कहानी सुन कर पागल हो गया।,hin,0,0,1,0,0,1,0,0,1,hin
我尽快需要。,cmn,0,0,0,0,0,0,0,0,0,cmn
Eso va a costar 30 €.,spa,0,0,0,0,0,0,0,0,0,spa
La vista nocturna de Tokio es magnífica.,spa,0,0,0,0,0,0,0,0,0,spa
कपड़े बदलने का कमरा कहाँ पर है?,hin,1,0,0,0,0,0,0,0,1,hin
La primera edición se publicó hace diez años.,spa,1,0,0,0,0,0,0,0,1,spa
No se puede estar en misa y repicando.,spa,0,0,0,0,0,0,0,0,0,spa
我不该退出的。,cmn,0,0,0,0,0,0,0,0,0,cmn
"Oiga, ¿me pasa con el Sr. Johnson, por favor?",spa,0,0,0,0,0,0,0,0,0,spa
Esa caja estaba casi llena.,spa,0,0,0,0,0,0,0,0,0,spa
उसने मेरे लिए टेक्सी बुलवाई।,hin,0,0,0,0,0,0,0,0,0,hin
Communism will never be reached in my lifetime.,eng,0,0,0,0,0,0,0,0,0,eng
你想再来杯酒吗？,cmn,0,0,0,0,0,0,0,0,0,cmn
这药创造了奇迹。,cmn,0,0,0,0,0,0,0,0,0,cmn
La guerra es un crimen contra la humanidad.,spa,0,0,0,0,0,0,0,0,0,spa
The mandatory character of schooling is rarely analyzed in the multitude of works dedicated to the study of the various ways to develop within children the desire to learn.,eng,0,0,1,0,0,0,0,0,1,eng
他网球打得很烂。,cmn,0,0,0,0,0,0,0,0,0,cmn
जो मरने वाले हैं वे आपको सलाम करते हैं।,hin,1,0,0,0,0,0,0,0,1,hin
你家有多少人？,cmn,0,0,0,0,0,0,0,0,0,cmn
How many days will you remain in London?,eng,0,0,1,0,0,0,0,0,1,eng
उसे बहुत सारे कष्ट सहने पड़े थे।,hin,0,0,0,0,0,0,0,0,0,hin
No tengo la intención de ser egoísta.,spa,0,0,0,0,0,0,0,0,0,spa
这个炸弹可以炸死很多人。,cmn,1,0,0,0,0,0,0,0,1,cmn
Ella tiene dos gatos. Uno es negro y el otro es blanco.,spa,0,0,0,1,0,0,0,0,1,spa
वह बीमारी की वजह से स्कूल नहीं आया।,hin,1,0,0,0,0,0,0,0,1,hin
Esta es una foto de mi pintura.,spa,0,0,0,0,0,0,0,0,0,spa
इस गाँव में चीज़े हमारे गाँव के मुकाबले बहुत सस्ती हैं।,hin,1,0,0,0,0,0,0,0,1,hin
The murderer was convicted and sentenced to life in prison.,eng,0,0,0,0,0,0,0,0,0,eng
"Let's face it, it's impossible. We're never gonna make it.",eng,0,0,0,0,0,0,0,0,0,eng
我们也去了庙里。,cmn,0,0,0,0,0,0,0,0,0,cmn
It is necessary for you to stop smoking.,eng,0,0,0,0,0,0,0,0,0,eng
En cualquier caso hay que votar sí en el referéndum del 18 de febrero.,spa,0,0,0,0,0,0,0,0,0,spa
"Lavar, cortar y secar, por favor.",spa,0,0,0,0,0,0,0,0,0,spa
கொடுங்கரடி ஒன்று சைபீரியப் புலியொன்றை விட பருமனில் பெரிது எனினும் சைபீரியப் புலி கொடுங்கரடியை விட அதிக வேகமானது.,tam,0,0,0,0,0,0,0,0,0,tam
तुम इन पैसों के साथ क्या करोगे?,hin,0,0,0,0,0,0,0,0,0,hin
काश कल बारिश हो जाए।,hin,0,0,0,0,0,0,0,0,0,hin
他儿子小时候就死于癌症了。,cmn,1,0,0,0,0,0,0,0,1,cmn
¿A qué hora puedes venir?,spa,0,0,0,0,0,0,0,0,0,spa
उसकी कहानी ने मुझे हमारे बच्चेपन की खुशहाली याद दिलाई।,hin,1,0,0,0,0,0,0,0,1,hin
When do we arrive?,eng,0,0,0,0,0,0,0,0,0,eng
मुझे नौकरी से निकाला नहीं गया। मैंने खुद ही नौकरी छोड़ दी।,hin,0,0,0,1,0,0,0,0,1,hin
मैं तुमसे ज़्यादा खूबसूरत हूँ।,hin,0,0,0,0,0,0,0,0,0,hin
He was a benevolent old man who volunteered to mow his neighbors' lawns for free.,eng,0,0,1,0,0,0,0,0,1,eng
शुरू हो रहा है।,hin,0,0,0,0,0,0,0,0,0,hin
No le conozco.,spa,0,0,0,0,0,0,0,0,0,spa
Son las diez en punto.,spa,1,0,0,0,0,0,0,0,1,spa
कल तीन आदमी जेल से भाग गए।,hin,0,0,1,0,0,0,0,0,1,hin
Es peligroso jugar cerca del fuego.,spa,0,0,0,0,0,0,0,0,0,spa
उसने कुछ मिनटों के लिए सोचा।,hin,0,0,0,0,0,0,0,0,0,hin
आप कैसे हैं?,hin,0,0,0,0,0,0,0,0,0,hin
Perdimos al hombre entre la muchedumbre.,spa,0,0,1,0,0,0,0,0,1,spa
It's presumptuous for humans to assume that our task is to do what only God can do.,eng,0,0,1,0,0,0,0,0,1,eng
我太愚蠢了...我竟然试着给你解释我自己都不懂的东西。,cmn,0,0,1,0,0,1,0,0,1,cmn
छत पर जो चिड़िया बैठी है वह एक कौआ है।,hin,0,0,0,0,0,0,0,0,0,hin
You must work more.,eng,0,0,0,0,0,0,0,0,0,eng
你只要在这里写下你的姓名和地址就行了。,cmn,0,0,0,0,0,0,0,0,0,cmn
Es la cosa más estúpida que he dicho nunca.,spa,0,0,1,0,0,1,0,0,1,spa
世界就是一个疯子的囚笼。,cmn,0,0,0,0,0,0,0,0,0,cmn
Allen是个诗人。,cmn,0,0,0,0,0,0,0,0,0,cmn
मुझे अपनी एक अटैची मिल नहीं रही है।,hin,0,0,0,0,0,0,0,0,0,hin
Él tiene unos ingresos mensuales de 2000 dólares.,spa,0,0,0,0,0,0,0,0,0,spa
¿Realmente necesitas preguntar para saber la respuesta?,spa,0,0,0,0,0,0,0,0,0,spa
He's sleeping like a baby.,eng,0,0,0,0,0,0,0,0,0,eng
Estás despedido.,spa,0,0,0,0,0,0,0,0,0,spa
"¡Oh, mis pantalones blancos! Eran nuevos.",spa,0,0,0,1,0,0,0,0,1,spa
Si yo pudiera ser así...,spa,1,0,0,0,0,0,0,0,1,spa
No se levantó temprano.,spa,0,0,0,0,0,0,0,0,0,spa
You ought to be ashamed.,eng,0,0,0,0,0,0,0,0,0,eng
इस आदमी के पास बहुत सारे कर्ज़ हैं।,hin,0,0,1,0,0,0,0,0,1,hin
वह कामयाब होना चाहता था।,hin,0,0,0,0,0,0,0,0,0,hin
वह हफ़्ते में एक बार बाज़ार जाती थी।,hin,0,0,0,0,0,0,0,0,0,hin
Tom打电话给我的时候，我正要离开家。,cmn,0,0,0,0,0,0,0,0,0,cmn
Me mantengo en forma trotando todas las mañanas.,spa,0,0,0,0,0,0,0,0,0,spa
लकड़ी से बनी इमारतों में आग आसानी से लग जाती है।,hin,1,0,0,0,0,0,0,0,1,hin
我们在下个加油站停一下。,cmn,0,0,0,0,0,0,0,0,0,cmn
Sometimes he has difficulty being articulate about his views.,eng,0,0,0,0,0,0,0,0,0,eng
Anything that is too stupid to be spoken is sung.,eng,0,0,1,0,0,1,0,0,1,eng
You can bank on that.,eng,0,0,0,0,0,0,0,0,0,eng
कहा जाता है कि वह दुनिया में सबसे अमीर आदमी है।,hin,0,0,1,0,0,0,0,0,1,hin
You must be less impatient.,eng,0,0,0,0,0,0,0,0,0,eng
No pudieron nadar porque hizo mal tiempo.,spa,1,0,0,0,0,0,0,0,1,spa
हमारी ट्रेन अचानक रुक गई।,hin,1,0,0,0,0,0,0,0,1,hin
我跟父母住在一起.,cmn,0,0,0,0,0,0,0,0,0,cmn
वह कौनसी चिड़िया है?,hin,0,0,0,0,0,0,0,0,0,hin
我不知道，也不想知道。,cmn,0,0,0,0,0,0,0,0,0,cmn
Él no se ha abierto en lo absoluto con sus colegas.,spa,0,0,0,0,0,0,0,0,0,spa
How did you come up with this crazy idea?,eng,0,0,1,0,0,1,0,0,1,eng
How long will you stay here?,eng,0,0,0,0,0,0,0,0,0,eng
"Si encontráis cosas que os interesen mutuamente, podréis llevaros bien.",spa,0,0,0,0,0,0,0,0,0,spa
Comencemos desde la lección 3.,spa,0,0,0,0,0,0,0,0,0,spa
You are strong-minded.,eng,0,0,0,0,0,0,0,0,0,eng
"To the man who only has a hammer in the toolkit, every problem looks like a nail.",eng,0,0,1,0,0,0,0,0,1,eng
Una piedra rodante no junta musgo es un refrán.,spa,0,0,0,0,0,0,0,0,0,spa
El descanso es desde las 10:40h hasta las 11h.,spa,0,0,0,0,0,0,0,0,0,spa
We're going to eat a lot tonight so I hope you're not on a diet.,eng,1,0,0,0,0,0,0,0,1,eng
"A una mujer, cuyo marido está muerto, se le llama viuda.",spa,0,0,1,0,0,0,0,0,1,spa
—¿Cuál es tu deseo? —preguntó el pequeño conejo blanco.,spa,0,0,0,1,0,0,0,0,1,spa
自从手术后，我父亲一直处于良好的状态。,cmn,0,0,0,0,0,0,0,0,0,cmn
सीढ़ी को दीवार के साथ खड़ा करो।,hin,0,0,0,0,0,0,0,0,0,hin
比起歌舞伎，我更喜欢能乐表演，因为我觉得后者比前者优雅。,cmn,0,0,0,0,0,0,0,0,0,cmn
तुम हमारे साथ आओगे क्या?,hin,1,0,0,0,0,0,0,0,1,hin
我们去滑雪怎么样？,cmn,0,0,0,0,0,0,0,0,0,cmn
हमे पर्यावरण की रक्षा करने की कोशिश करनी चाहिए।,hin,0,0,0,0,0,0,0,0,0,hin
"El hombre propone, Dios dispone.",spa,0,0,1,0,0,0,0,0,1,spa
她邀请我们去她的生日派对。,cmn,0,0,0,0,0,0,0,0,0,cmn
"Until you make peace with who you are, you'll never be content with what you have.",eng,0,0,0,0,0,0,0,0,0,eng
Sólo puedo esperar.,spa,0,0,0,0,0,0,0,0,0,spa
La vida es bella.,spa,0,0,0,0,0,0,0,0,0,spa
How many times a month do you write home?,eng,0,0,1,0,0,0,0,0,1,eng
हमारे पास कितनी कटोरियाँ हैं?,hin,1,0,0,0,0,0,0,0,1,hin
他认识很多人。,cmn,0,0,0,0,0,0,0,0,0,cmn
उस लड़की को खतरे के बारे में पता था।,hin,0,0,0,0,0,0,0,0,0,hin
हमे अंदर जाने से पहले जूते उतारने होंगे।,hin,0,0,0,0,0,0,0,0,0,hin
昨天我去河边钓鱼了。,cmn,0,0,0,0,0,0,0,0,0,cmn
Vamos a pedir que nos hagan una foto.,spa,0,0,0,0,0,0,0,0,0,spa
सौ अरब लोग अंग्रेज़ी बोलते हैं।,hin,0,0,0,0,0,0,0,0,0,hin
我能吃这只橙子吗？,cmn,0,0,0,0,0,0,0,0,0,cmn
टॉम और मैं दोस्त हैं।,hin,0,0,0,0,0,0,0,0,0,hin
वे आदमी शेरों का शिकार करने निकले।,hin,0,0,1,0,0,0,0,0,1,hin
Nadie puede decir lo que pasará en el futuro.,spa,1,0,0,0,0,0,0,0,1,spa
I have too many things on my mind these days.,eng,0,0,1,0,0,0,0,0,1,eng
Which bed do you want to use?,eng,0,0,0,0,0,0,0,0,0,eng
You must admit that you are in the wrong.,eng,0,0,0,0,0,0,0,0,0,eng
Me sorprende constantemente lo estúpido que puede ser.,spa,0,0,0,0,0,0,0,0,0,spa
他发誓要戒烟。,cmn,0,0,0,0,0,0,0,0,0,cmn
Terminamos el trabajo un poco antes de las diez.,spa,1,0,0,0,0,0,0,0,1,spa
我不说日语。,cmn,0,0,0,0,0,0,0,0,0,cmn
“你想再来点咖啡吗？”“不，谢谢。我够了。”,cmn,0,0,0,0,0,0,0,0,0,cmn
"The news article painted the defendant as a guilty man, even though he had been proven innocent.",eng,0,0,1,0,0,0,0,0,1,eng
离这儿有多远？,cmn,0,0,0,0,0,0,0,0,0,cmn
“是谁？”“是你妈妈。”,cmn,0,0,0,0,0,0,0,0,0,cmn
It's about time you got here!,eng,0,0,0,0,0,0,0,0,0,eng
You've set a bad example.,eng,0,0,0,0,0,0,0,0,0,eng
Tiene la costumbre de dejar la puerta abierta.,spa,0,0,0,0,0,0,0,0,0,spa
वह औरत पैसेवाली लगती है।,hin,0,0,1,0,0,0,0,0,1,hin
Al salir de la estación vi a un hombre.,spa,0,0,1,0,0,0,0,0,1,spa
"He is, indeed, a man of his word.",eng,0,0,1,0,0,0,0,0,1,eng
They say love is blind.,eng,0,0,0,0,0,1,0,0,1,eng
Tom no es igual de perseverante que Bill.,spa,0,0,0,0,0,0,0,0,0,spa
उसने टोपी पहनी हुई है।,hin,0,0,0,0,0,0,0,0,0,hin
Los precios han subido en un 50% durante los últimos diez años.,spa,1,0,0,0,0,0,0,0,1,spa
वह अपनी ज़िंदगी को भारत में बीमारों का इलाज करने में समर्पित करना चाहता है।,hin,1,0,0,0,0,0,0,0,1,hin
她教我如何游泳。,cmn,0,0,0,0,0,0,0,0,0,cmn
How dare you speak like that!,eng,0,0,0,0,0,0,0,0,0,eng
खाना ठंडा हो रहा है।,hin,0,0,0,0,0,0,0,0,0,hin
Ella estaba ardiendo de fiebre.,spa,1,0,0,0,0,0,0,0,1,spa
Every man takes the limits of his own field of vision for the limits of the world.,eng,0,0,1,0,0,0,0,0,1,eng
क्या झूठ हमेशा बुरा होता है?,hin,0,0,0,0,0,0,0,0,0,hin
工厂的废料导致了严重的环境污染。,cmn,0,0,0,0,0,0,0,0,0,cmn
在这种天气下，我最好是待在家里而不要出去。,cmn,0,0,0,0,0,0,0,0,0,cmn
他来这里的目的是什么？,cmn,0,0,0,0,0,0,0,0,0,cmn
This is the boy I think about.,eng,0,0,0,0,0,0,0,0,0,eng
¿Qué? ¿Todavía no sabes conducir?,spa,0,0,0,0,0,0,0,0,0,spa
उसे विश्वास है कि वह इस प्रतियोगिता में अवश्य जीतेगा।,hin,0,0,0,0,0,0,0,0,0,hin
要做蛋糕，你要用到鸡蛋，黄油和糖。,cmn,0,0,0,0,0,0,0,0,0,cmn
मैंने अपना कमरा अभी अभी साफ़ किया है।,hin,1,0,0,0,0,0,0,0,1,hin
तुम्हारे खयाल से अम्रीका में फ़ुटबॉल लोकप्रिय क्यों नहीं है?,hin,0,0,0,0,0,0,0,0,0,hin
Volveré a las diez.,spa,1,0,0,0,0,0,0,0,1,spa
Not wanting is the same as having.,eng,0,0,0,0,0,0,0,0,0,eng
¿De verdad quieres eso? preguntó el pequeño conejo blanco.,spa,0,0,0,1,0,0,0,0,1,spa
मैं कमरे की सफ़ाई करूँ क्या?,hin,1,0,0,0,0,0,0,0,1,hin
Las microondas penetran en el interior de los alimentos.,spa,0,0,0,0,0,0,0,0,0,spa
मुझे उस आदमी से चिढ़ आती है।,hin,0,0,1,0,0,0,0,0,1,hin
El avión despegó hace diez minutos.,spa,1,0,0,0,0,0,0,0,1,spa
இருவருடங்களுக்கு பிறகு உங்களை பார்க்கிறேன் .,tam,0,0,0,0,0,0,0,0,0,tam
அவன் ஏரியில் நீச்சலடித்தான்,tam,0,0,0,0,0,0,0,0,0,tam
Caliente como una tostada.,spa,0,0,0,0,0,0,0,0,0,spa
如果我是你，我会在这种困难的情况下做同样的事。,cmn,0,0,0,0,0,0,0,0,0,cmn
京都的夏天很热。,cmn,0,0,0,0,0,0,0,0,0,cmn
"To win his audience, the speaker resorted to using rhetorical techniques he learned from his communication courses.",eng,1,0,0,0,0,0,0,0,1,eng
叫救护车。,cmn,0,0,0,0,0,0,0,0,0,cmn
दवाई पियो।,hin,0,0,0,0,0,0,0,0,0,hin
我工作累死了。,cmn,1,0,0,0,0,0,0,0,1,cmn
"चाबियों को फ़्रन्ट डेस्क से लेने के बाद, मैं लिफ़्ट लेकर अपने कमरे वाली मंज़िल तक गया।",hin,1,0,0,0,0,0,0,0,1,hin
अंदर आ जाओ।,hin,0,0,0,0,0,0,0,0,0,hin
"आओ, बैठो और अपने थके-हारे पैरों को आराम करने दो।",hin,0,0,0,0,0,0,0,0,0,hin
उसके टोक्यो आते ही मैं तुम्हें तुरंत फ़ोन करूँगी।,hin,0,0,0,0,0,0,0,0,0,hin
அது எங்களுடைய வீடு,tam,0,0,0,0,0,0,0,0,0,tam
这是我见过的最高的男人了。,cmn,0,0,1,0,0,0,0,0,1,cmn
"हमारे पास ग्राहक नहीं थे, तो हमने दुकान जल्दी बंद करदी।",hin,1,0,0,0,0,0,0,0,1,hin
You should have told him about it while he was here.,eng,0,0,0,0,0,0,0,0,0,eng
What do you learn?,eng,0,0,0,0,0,0,0,0,0,eng
चित भी मेरी पट भी मेरी।,hin,0,0,0,0,0,0,0,0,0,hin
I usually take a shower in the evening.,eng,0,0,0,0,0,0,0,0,0,eng
Do you live here?,eng,0,0,0,0,0,0,0,0,0,eng
मुझे इस पहाड़ के बारे में जानना है।,hin,0,0,0,0,0,0,0,0,0,hin
तुम्हारा कुत्ता बहुत मोटा है।,hin,0,0,0,0,0,0,0,0,0,hin
"Tomorrow, he will land on the moon.",eng,0,0,0,0,0,0,0,0,0,eng
"When I was your age, Pluto was a planet.",eng,0,0,0,0,0,0,0,0,0,eng
¿Has ordenado que limpien la habitación?,spa,0,0,0,0,0,0,0,0,0,spa
El policía agarró al hombre que iba corriendo.,spa,0,0,1,0,0,0,0,0,1,spa
Anoche hacía mucho calor y no pude dormir bien.,spa,0,0,0,0,0,0,0,0,0,spa
Ponme un poco de brandy en el té rojo.,spa,0,0,0,0,0,0,0,0,0,spa
"Generally, who visits their parents more, sons or daughters?",eng,0,0,0,0,0,0,0,0,0,eng
You needn't have gone to the trouble.,eng,0,0,0,0,0,0,0,0,0,eng
Your secret will be safe with me.,eng,0,0,0,0,0,0,0,0,0,eng
公园里有很多人。,cmn,0,0,0,0,0,0,0,0,0,cmn
Debes volver antes de las diez.,spa,1,0,0,0,0,0,0,0,1,spa
地球的外形和橙子相似。,cmn,0,0,0,0,0,0,0,0,0,cmn
¿Con quién hablo?,spa,0,0,0,0,0,0,0,0,0,spa
"Para muchas mujeres, el amor es lo primero.",spa,0,0,1,0,0,0,0,0,1,spa
过河拆桥。,cmn,0,0,0,0,0,0,0,0,0,cmn
You may use my new car.,eng,0,0,0,0,0,0,0,0,0,eng
¿Y si dieras un discurso y nadie viniera?,spa,1,0,0,0,0,0,0,0,1,spa
他给我讲述了他的一生。,cmn,0,0,0,0,0,0,0,0,0,cmn
我想你等我等到7点下班。,cmn,0,0,0,0,0,0,0,0,0,cmn
கடலில் தீவுகளில் உள்ளன.,tam,0,0,0,0,0,0,0,0,0,tam
भोपाल गैस त्रासदी में हज़ारों लोग मारे गए और आज भी लाखों लोग उस जहरीली गैस के दुर्प्रभावों से पीड़ित हैं।,hin,1,0,0,0,0,0,0,0,1,hin
我看见一个穿黑衣服的女人。,cmn,0,0,1,0,0,0,0,0,1,cmn
¿Por qué estás tan contento?,spa,0,0,0,0,0,0,0,0,0,spa
वह कितने दिनों से बीमार है?,hin,1,0,0,0,0,0,0,0,1,hin
这是一个例外。,cmn,0,0,0,0,0,0,0,0,0,cmn
जन्मदिन मुबारक हो!,hin,0,0,0,0,0,0,0,0,0,hin
"कल मेरा जन्मदिन है, और मैं सत्रह साल का हो जाऊँगा।",hin,0,0,0,0,0,0,0,0,0,hin
वह ज़्यादा तेज़ नहीं भाग सकता।,hin,0,0,0,0,0,0,0,0,0,hin
அது எனக்கு சுவாரஸ்யமாகத் தெரிகிறது!,tam,0,0,0,0,0,0,0,0,0,tam
मैं आपको थोड़ी देर बाद फ़ोन करूँगा।,hin,0,0,0,0,0,0,0,0,0,hin
Nadie sabrá.,spa,1,0,0,0,0,0,0,0,1,spa
हमारा स्वास्थ्य हमारी सबसे कीमती संपत्ति होती है।,hin,1,0,0,0,0,0,0,0,1,hin
Rosa Montero es una mujer extraordinaria.,spa,0,0,1,0,0,0,0,0,1,spa
祝你旅途愉快。,cmn,0,0,0,0,0,0,0,0,0,cmn
Those who know him like him.,eng,0,0,0,0,0,0,0,0,0,eng
病人随时会死。,cmn,1,0,0,0,0,0,0,0,1,cmn
我在旅行社工作.,cmn,0,0,0,0,0,0,0,0,0,cmn
我们的眼睛需要时间来适应黑暗。,cmn,0,0,0,0,0,0,0,0,0,cmn
有什么事是我该做的吗？,cmn,0,0,0,0,0,0,0,0,0,cmn
Cuando yo estaba en el instituto me levantaba a las 6 todas las mañanas.,spa,0,0,0,0,0,0,0,0,0,spa
इतनी रात को हमारे यहाँ क्यों आए हो?,hin,1,0,0,0,0,0,0,0,1,hin
पुरानी मेज़ अभी भी इस्तेमाल में है।,hin,0,0,0,0,0,0,0,0,0,hin
आदमी सत्तर प्रतिशत पानी का बना हुआ है।,hin,0,0,1,0,0,0,0,0,1,hin
Este tipo de revistas puede causarle un daño a la gente joven.,spa,0,0,0,0,0,0,0,0,0,spa
我对他的态度变了。,cmn,0,0,0,0,0,0,0,0,0,cmn
"When I left the train station, I saw a man.",eng,0,0,1,0,0,0,0,0,1,eng
Advertising may be described as the science of arresting the human intelligence long enough to get money from it.,eng,0,0,1,0,0,0,0,0,1,eng
मैं अपने पापा-मम्मी के वापस आने से पहले घर साफ़ करना चाहता हूँ।,hin,0,0,0,0,0,0,0,0,0,hin
我今天早上不想散步。,cmn,0,0,0,0,0,0,0,0,0,cmn
"Quien ríe último, ríe mejor.",spa,0,0,0,0,0,0,0,0,0,spa
"Salgamos de aquí, los polis vienen.",spa,0,0,0,0,0,0,0,0,0,spa
旅行最快的方式是乘飞机。,cmn,0,0,0,0,0,0,0,0,0,cmn
Why do you accuse my son?,eng,0,0,0,0,0,0,0,0,0,eng
I was trying to kill time.,eng,1,0,0,0,0,0,0,0,1,eng
"Democracy is the worst form of government, except all the others that have been tried.",eng,0,0,0,0,0,0,0,0,0,eng
Fruits and vegetables are essential to a balanced diet.,eng,1,0,0,0,0,0,0,0,1,eng
हम संगीत की पढ़ाई करते हैं।,hin,0,0,0,0,0,0,0,0,0,hin
Él casó a su hija con un hombre rico.,spa,0,0,1,0,0,0,0,0,1,spa
That's because you're a girl.,eng,0,0,0,0,0,0,0,0,0,eng
Pone muchos deberes.,spa,0,0,0,0,0,0,0,0,0,spa
நான் அவர்களிடம் சொல்லவில்லை.,tam,0,0,0,0,0,0,0,0,0,tam
राष्ट्रपति ने अचानक से अपना त्यागपत्र सौंप दिया।,hin,0,0,0,0,0,0,0,0,0,hin
He was sick of being vilified all the time by people who were jealous of his ability.,eng,0,0,0,0,0,0,0,0,0,eng
उसके दिए गए कारण को समझना मुश्किल है।,hin,0,0,0,0,0,0,0,0,0,hin
我会帮你应急处理一下。,cmn,0,0,0,0,0,0,0,0,0,cmn
教英语是他的职业。,cmn,0,0,0,0,0,0,0,0,0,cmn
They are waiting for you in front of the door.,eng,0,0,0,0,0,0,0,0,0,eng
No le voy a poner un revólver en la cabeza a nadie por quedarme en Barcelona.,spa,1,0,0,0,0,0,0,0,1,spa
Los hombres estamos acostumbrados a esperar a las mujeres.,spa,0,0,1,0,0,0,0,0,1,spa
हाँ।,hin,0,0,0,0,0,0,0,0,0,hin
你乘飞机还是乘火车去？,cmn,0,0,0,0,0,0,0,0,0,cmn
You're an angel!,eng,0,0,0,0,0,0,0,0,0,eng
雨下了一周。,cmn,0,0,0,0,0,0,0,0,0,cmn
मैं इस तरह की ज़िन्दगी को जीकर थक गया हूँ।,hin,0,0,0,0,0,0,0,0,0,hin
The functions sine and cosine take values between -1 and 1 (-1 and 1 included).,eng,0,0,0,0,0,0,0,0,0,eng
Tienes razón.,spa,0,0,0,0,0,0,0,0,0,spa
यह एक बहुत ही नाज़ुक सवाल है।,hin,0,0,0,0,0,0,0,0,0,hin
"If you studied hard, you would get good marks.",eng,1,0,0,0,0,0,0,0,1,eng
Mike es el único hombre del comité.,spa,0,0,1,0,0,0,0,0,1,spa
—¿Qué pasa? —preguntó el pequeño conejo blanco.,spa,0,0,0,1,0,0,0,0,1,spa
Él encontró mi bicicleta.,spa,0,0,0,0,0,0,0,0,0,spa
What if you gave a speech and nobody came?,eng,0,0,0,0,0,0,0,0,0,eng
Hay 1000 películas que hay que ver antes de morir.,spa,1,0,0,0,0,0,0,0,1,spa
"¿Qué significa O.V.N.I? ""Significa Objeto Volador No Identificado, creo""",spa,0,0,0,0,0,0,0,0,0,spa
You don't know how worried I am.,eng,0,0,0,0,0,0,0,0,0,eng
Las mujeres de Japón parecen pequeñas y delicadas.,spa,0,0,1,0,0,0,0,0,1,spa
It can't be!,eng,0,0,0,0,0,0,0,0,0,eng
Me llevaría demasiado tiempo explicarte por qué no va a funcionar.,spa,0,0,0,0,0,0,0,0,0,spa
Freud's insights into human behavior led to him being honored as a profound thinker.,eng,0,0,1,0,0,0,0,0,1,eng
How many hours of sleep do you need?,eng,0,0,1,0,0,0,0,0,1,eng
"When I grow up, I want to be a king.",eng,0,0,0,0,0,0,0,0,0,eng
She's asking how that's possible.,eng,0,0,0,0,0,0,0,0,0,eng
Nadie me entiende.,spa,1,0,0,0,0,0,0,0,1,spa
"Ella era diferente de la mayoría de las mujeres de la vecindad, esto porque ella sabía leer y escribir.",spa,0,0,1,0,0,0,0,0,1,spa
啊，我认识这个男人！,cmn,0,0,1,0,0,0,0,0,1,cmn
"Nowadays we want our children to make their own decisions, but we expect those decisions to please us.",eng,0,0,0,0,0,0,0,0,0,eng
It took me more than two hours to translate a few pages of English.,eng,0,0,0,0,0,0,0,0,0,eng
What's the matter? asked the little white rabbit.,eng,0,0,0,1,0,0,0,0,1,eng
我在理发店碰到了他。,cmn,0,0,0,0,0,0,0,0,0,cmn
मेरे पिताजी को अंग्रेज़ी अच्छे से बोलना आता है।,hin,0,0,0,0,0,0,0,0,0,hin
मैंने एक साल के लिए सिगरेट पीना छोड़ दिया था।,hin,0,0,0,0,0,0,0,0,0,hin
会议室正在使用中。,cmn,0,0,0,0,0,0,0,0,0,cmn
男孩们窃窃私语，我知道他们准备做些什么。,cmn,0,0,0,0,0,0,0,0,0,cmn
ये हमारी किताबें हैं।,hin,1,0,0,0,0,0,0,0,1,hin
¿Un gato? preguntó el hombre viejo.,spa,0,0,1,0,0,0,0,0,1,spa
你喜欢什么风格的音乐？,cmn,0,0,0,0,0,0,0,0,0,cmn
நான் உன்னை வெறுக்கிறேன்,tam,0,0,0,0,0,0,0,0,0,tam
"Now that you have passed your test, you can drive on your own.",eng,0,0,0,0,0,0,0,0,0,eng
La gente extranjera me intriga.,spa,0,0,0,0,0,0,0,0,0,spa
Es verdad que no podía saber la verdad.,spa,0,0,0,0,0,0,0,0,0,spa
यह तुम्हारा कुत्ता है।,hin,0,0,0,0,0,0,0,0,0,hin
अपने हाथ अच्छे से धोओ।,hin,0,0,0,0,0,0,0,0,0,hin
要解开谋杀背后潜藏之谜！,cmn,1,0,0,0,0,0,0,0,1,cmn
You have no business complaining about the matter.,eng,0,0,0,0,0,0,0,0,0,eng
நான் உன்னை நம்புகிற அளவிற்கு முட்டாள் இல்லை.,tam,0,0,1,0,0,1,0,0,1,tam
¡No esperes que los demás piensen por ti!,spa,0,0,0,0,0,0,0,0,0,spa
El demonio destruyó Hiroshima y Nagasaki.,spa,0,0,0,0,0,0,0,0,0,spa
मैंने एक लड़की को देखा जिसके बाल उसकी कमर तक आते थे।,hin,1,0,0,0,0,0,0,0,1,hin
我们看见孩子上了车。,cmn,0,0,0,0,0,0,0,0,0,cmn
10 años es un largo tiempo para esperar.,spa,0,0,0,0,0,0,0,0,0,spa
நான் அவள்.,tam,0,0,0,0,0,0,0,0,0,tam
Most people only want to hear their own truth.,eng,0,0,0,0,0,0,0,0,0,eng
我会说法语。,cmn,0,0,0,0,0,0,0,0,0,cmn
¿Qué implica ello?,spa,0,0,0,0,0,0,0,0,0,spa
उसने आमंत्रण को स्वीकार नहीं किया।,hin,0,0,0,0,0,0,0,0,0,hin
Why would you marry a woman if you like men?,eng,0,0,1,0,0,0,0,0,1,eng
"¨¿Viste la televisión la semana pasada?¨ ¨No, no la vi.¨.",spa,0,0,0,0,0,0,0,0,0,spa
"मैं किसी को भी नहीं बाताऊँगा, चाहे जो भी हो।",hin,0,0,0,0,0,0,0,0,0,hin
我们从不支持恐怖主义。,cmn,0,0,0,0,0,0,0,0,0,cmn
我不够钱去旅行。,cmn,0,0,0,0,0,0,0,0,0,cmn
मुम्बई भारतीय राज्य महाराष्ट्र की राजधानी है।,hin,0,0,0,1,0,0,0,0,1,hin
弹吉他的那个男孩是我弟弟。,cmn,0,0,0,0,0,0,0,0,0,cmn
如果我们不吃，就会死。,cmn,1,0,0,0,0,0,0,0,1,cmn
Are you just going to stand there all day?,eng,0,0,0,0,0,0,0,0,0,eng
Un tal Sr. Ito desea verle.,spa,0,0,0,0,0,0,0,0,0,spa
"Si no lo hago ahora, nunca lo haré.",spa,0,0,0,0,0,0,0,0,0,spa
Esto no acabará nunca.,spa,0,0,0,0,0,0,0,0,0,spa
在我看来很有意思！,cmn,0,0,0,0,0,0,0,0,0,cmn
I was rereading the letters you sent to me.,eng,0,0,0,0,0,0,0,0,0,eng
我现在在上班，所以晚点打给你。,cmn,0,0,0,0,0,0,0,0,0,cmn
射手打死了鹿。,cmn,1,0,0,0,0,0,0,0,1,cmn
Estaban tan cansados que no subieron a la montaña.,spa,0,0,0,0,0,0,0,0,0,spa
मुझे आज थोड़ा जल्दी घर जाना है।,hin,0,0,0,0,0,0,0,0,0,hin
我想我懂了。,cmn,0,0,0,0,0,0,0,0,0,cmn
You seem an honest man.,eng,0,0,1,0,0,0,0,0,1,eng
You are in my way.,eng,0,0,0,0,0,0,0,0,0,eng
Ya eres lo suficientemente adulto como saber lo que haces.,spa,0,0,0,0,0,0,0,0,0,spa
तुम कौनसे जूते पहनोगी?,hin,0,0,0,0,0,0,0,0,0,hin
तुम्हारे बदले मैं वहाँ जाऊँगा।,hin,0,0,0,0,0,0,0,0,0,hin
Debo pedirle a alguien que arregle mi procesador de texto.,spa,0,0,0,0,0,0,0,0,0,spa
You look stupid.,eng,0,0,1,0,0,1,0,0,1,eng
उसे कोई भी पसंद नहीं करता क्योंकि वह सारे टाईम अपनी बड़ाई करता रहता है।,hin,0,0,0,0,0,0,0,0,0,hin
"Unlike her, you are diligent.",eng,0,0,0,0,0,0,0,0,0,eng
开门的时候我把锁弄坏了。,cmn,0,0,0,0,0,0,0,0,0,cmn
James had a great fear of making mistakes in class and being reprimanded.,eng,0,0,1,0,0,0,0,0,1,eng
Su médico le dijo que no bebiera alcohol.,spa,0,0,0,0,0,0,0,0,0,spa
Can it be phrased in another way?,eng,0,0,0,0,0,0,0,0,0,eng
我累死了。,cmn,1,0,0,0,0,0,0,0,1,cmn
我在找关于古罗马历史的书。,cmn,0,0,0,0,0,0,0,0,0,cmn
This is the town I told you about.,eng,0,0,0,0,0,0,0,0,0,eng
उसकी दादी ने उसे पाल-पोस कर बड़ा किया था।,hin,0,0,0,0,0,0,0,0,0,hin
उन्हें अपनी टीचर से डाँट पड़ी।,hin,0,0,0,0,0,0,0,0,0,hin
你是在跟我開玩笑吧？！,cmn,0,0,0,0,0,0,0,0,0,cmn
我太讨厌正规字体了！,cmn,0,0,0,0,0,0,0,0,0,cmn
恐怕就这点上，我和你持不同意见。,cmn,0,0,0,0,0,0,0,0,0,cmn
¿Podrías dejar de hablar?,spa,0,0,0,0,0,0,0,0,0,spa
You had better go to bed now.,eng,0,0,0,0,0,0,0,0,0,eng
那是因為妳是女生。,cmn,0,0,0,0,0,0,0,0,0,cmn
बच्चों को माँ-बाप की बात माननी चाहिए।,hin,0,0,0,0,0,0,0,0,0,hin
我爸爸已经戒烟戒酒了。,cmn,0,0,0,0,0,0,0,0,0,cmn
அவனுக்கு நெருக்கமாக நின்றாள்,tam,0,0,0,0,0,0,0,0,0,tam
मुझे यह वाला पसंद है।,hin,0,0,0,0,0,0,0,0,0,hin
I want an MP3 player!,eng,0,0,0,0,0,0,0,0,0,eng
"En una mañana lluviosa, salió de casa temprano para llegar a tiempo al colegio.",spa,0,0,0,0,0,0,0,0,0,spa
这真是很意外。,cmn,0,0,0,0,0,0,0,0,0,cmn
Esta semana hay tres exámenes parciales.,spa,0,0,0,0,0,0,0,0,0,spa
Él no quería separarse de su familia.,spa,0,0,0,0,0,0,0,0,0,spa
मैं उसे नहीं जानता।,hin,0,0,0,0,0,0,0,0,0,hin
उसके मरने के बाद अब दस साल गुज़र चुके हैं।,hin,1,0,0,0,0,0,0,0,1,hin
Humans were never meant to live forever.,eng,0,0,1,0,0,0,0,0,1,eng
"Lo siento, no puedo quedarme mucho tiempo.",spa,0,0,0,0,0,0,0,0,0,spa
वह एक बार फिर देर से आई।,hin,0,0,0,0,0,0,0,0,0,hin
Estaré aquí hasta las diez.,spa,1,0,0,0,0,0,0,0,1,spa
बेहतर होगा कि इस बात को अनदेखा किया जाए।,hin,0,0,0,0,0,0,0,0,0,hin
हेलेन घर आते ही बीमार पड़ गई।,hin,1,0,0,0,0,0,0,0,1,hin
தேவதைகளின் மொழி இசை .,tam,0,0,0,0,0,0,0,0,0,tam
Hubo diez accidentes en diez días.,spa,1,0,0,0,0,0,0,0,1,spa
音乐是人类共通的语言。,cmn,0,0,0,0,0,0,0,0,0,cmn
उसे बहुत अकेलापन महसूस हुआ।,hin,0,0,0,0,0,0,0,0,0,hin
那女孩的头发上绑了一根黄丝带。,cmn,0,0,0,0,0,0,0,0,0,cmn
No tengo nada mejor que hacer.,spa,0,0,0,0,0,0,0,0,0,spa
¡No voy a perder!,spa,0,0,0,0,0,0,0,0,0,spa
"¡No, no lo soy! ¡Lo eres tú!",spa,0,0,0,0,0,0,0,0,0,spa
这狗跑得多快啊！,cmn,0,0,0,0,0,0,0,0,0,cmn
वह हमारी उम्मीदों को पूरा नहीं कर पाया।,hin,1,0,0,0,0,0,0,0,1,hin
मैंने रातभर काम किया।,hin,0,0,0,0,0,0,0,0,0,hin
How many close friends do you have?,eng,0,0,1,0,0,0,0,0,1,eng
Wait in the waiting room.,eng,0,0,0,0,0,0,0,0,0,eng
Thanks for your explanation.,eng,0,0,0,0,0,0,0,0,0,eng
给我几个。,cmn,0,0,0,0,0,0,0,0,0,cmn
He spent the evening reading a book.,eng,0,0,0,0,0,0,0,0,0,eng
You look tired. You ought to rest for an hour or two.,eng,0,0,0,0,0,0,0,0,0,eng
Él vendrá a mi casa esta noche.,spa,0,0,0,0,0,0,0,0,0,spa
Es peligroso telefonear y conducir a la vez.,spa,0,0,0,0,0,0,0,0,0,spa
工作的时候你不许吸烟。,cmn,0,0,0,0,0,0,0,0,0,cmn
我认识那个坐得最靠近门的男孩。,cmn,0,0,0,0,0,0,0,0,0,cmn
除非我死了！,cmn,1,0,0,0,0,0,0,0,1,cmn
说和做是两码事。,cmn,0,0,0,0,0,0,0,0,0,cmn
¡Hoy es 18 de junio y es el cumpleaños de Muiriel!,spa,0,0,0,0,0,0,0,0,0,spa
La recesión es un periodo de disminución temporal de la actividad económica en medio de un período en cual actividad generalmente está aumentando.,spa,0,0,0,0,0,0,0,0,0,spa
她现在正待在她叔叔家。,cmn,0,0,0,0,0,0,0,0,0,cmn
मैं आपके लिए कुरसी लेआऊँ?,hin,0,0,0,0,0,0,0,0,0,hin
我有两个儿子，一个在东京，另一个在名古屋。,cmn,0,0,0,0,0,0,0,0,0,cmn
在这个城市，白人和黑人间的争端愈演愈烈。,cmn,0,0,0,1,0,0,0,0,1,cmn
"ஹி இன்ச்சி நா யா நானி ? நி யங்கு, யங்கு, யங்கு!(யாருடைய நிலம் இது ?இது என்னுடையது, என்னுடையது, என்னுடையது!) என்று ஆண் சிங்கம் கர்ச்சிப்பதாக ஆப்பிரிக்க மக்களிடையே பேச்சு உள்ளது.",tam,0,0,1,0,0,0,0,0,1,tam
他每天去学校学习。,cmn,0,0,0,0,0,0,0,0,0,cmn
No se levanta temprano.,spa,0,0,0,0,0,0,0,0,0,spa
¿Cómo puede el entretenimiento electrónico inspirarnos para crear mejores aplicaciones de aprendizaje electrónico?,spa,0,0,0,0,0,0,0,0,0,spa
The data suggest that the optimum length of a lecture may be 30 instead of 60 minutes.,eng,0,0,0,0,0,0,0,0,0,eng
Yo estaba en las montañas.,spa,0,0,0,0,0,0,0,0,0,spa
Ambos equipos compitieron fuertemente.,spa,0,0,0,0,0,0,0,0,0,spa
Hay muchas cosas que no sabes sobre mi personalidad.,spa,0,0,0,0,0,0,0,0,0,spa
他搭错了车。,cmn,0,0,0,0,0,0,0,0,0,cmn
"Come on! Talk to me, Trang.",eng,0,0,0,0,0,0,0,0,0,eng
Tengo intención de ir a Izu durante el fin de semana.,spa,0,0,0,0,0,0,0,0,0,spa
Esperamos mucho tiempo en el parque.,spa,0,0,0,0,0,0,0,0,0,spa
मेरे पिता अपने शौक पर बहुत समय खर्च करते हैं।,hin,0,0,0,0,0,0,0,0,0,hin
पौधे बारिश के बिना मर गए।,hin,1,0,0,0,0,0,0,0,1,hin
मेरा आज अंग्रेज़ी पढ़ने का मन नहीं है।,hin,0,0,0,0,0,0,0,0,0,hin
No conozco a ninguna de las dos hermanas.,spa,0,0,0,0,0,0,0,0,0,spa
You've done a perfect job.,eng,0,0,0,0,0,0,0,0,0,eng
Why can't we tickle ourselves?,eng,0,0,0,0,0,0,0,0,0,eng
"Me permitiría usar su teléfono, ¿por favor?",spa,0,0,0,0,0,0,0,0,0,spa
इस महीने दो हत्याएँ हुईं हैं।,hin,1,0,0,0,0,0,0,0,1,hin
उस मोटी औरत ने एक बंदर पकड़ा हुआ था।,hin,0,0,1,0,0,0,0,0,1,hin
¡¿Cómo que no sabes?!,spa,0,0,0,0,0,0,0,0,0,spa
"Viendo que no estás sorprendido, creo que debes estar al corriente.",spa,0,0,0,0,0,0,0,0,0,spa
वह संगीत का बहुत शौकीन है।,hin,0,0,0,0,0,0,0,0,0,hin
"Tras la comida, pedí que me dieran la cuenta.",spa,1,0,0,0,0,0,0,0,1,spa
¿Cómo has llegado a esta idea loca?,spa,0,0,1,0,0,1,0,0,1,spa
हमारी कल स्कूल की छुट्टी है।,hin,1,0,0,0,0,0,0,0,1,hin
तुमने मेरा कैमरा देखा क्या?,hin,1,0,0,0,0,0,0,0,1,hin
You are free to do as you please with your money.,eng,0,0,0,0,0,0,0,0,0,eng
有人死了的时候真是遗憾。,cmn,1,0,0,0,0,0,0,0,1,cmn
Life is beautiful.,eng,0,0,0,0,0,0,0,0,0,eng
How many sandwiches are there left?,eng,0,0,1,0,0,0,0,0,1,eng
"When you can't do what you want, you do what you can.",eng,0,0,0,0,0,0,0,0,0,eng
நீங்கள் எத்தனை வருடங்கள் அங்கே இருந்தீர்கள்?,tam,0,0,0,0,0,0,0,0,0,tam
他迟早会回来的。,cmn,0,0,0,0,0,0,0,0,0,cmn
这架飞机一次可以携带40名乘客。,cmn,0,0,0,0,0,0,0,0,0,cmn
You may laugh at me.,eng,0,0,0,0,0,0,0,0,0,eng
वह बीमारी की वजह से बाहर नहीं जा सका।,hin,1,0,0,0,0,0,0,0,1,hin
जो मरने वाले हैं वे तुम्हें सलाम करते हैं।,hin,1,0,0,0,0,0,0,0,1,hin
她对当下的流行很敏感。,cmn,0,0,0,0,0,0,0,0,0,cmn
நான் எதிர் காலத்தில் ஒரு விமானியாக விரும்புகிறேன்,tam,0,0,0,0,0,0,0,0,0,tam
El hombre ahogándose agarró fuerte la cuerda.,spa,0,0,1,0,0,0,0,0,1,spa
No maltrates a los animales.,spa,0,0,0,0,0,0,0,0,0,spa
那个男人，就是他的孩子很友好的那个.,cmn,0,0,1,0,0,0,0,0,1,cmn
You are guilty of murder.,eng,0,0,0,0,0,0,0,0,0,eng
¡¿Nunca tienes clases o qué?!,spa,0,0,0,0,0,0,0,0,0,spa
她在超市做秘书。,cmn,0,0,0,0,0,0,0,0,0,cmn
Cada persona es un mundo.,spa,0,0,0,0,0,0,0,0,0,spa
I'm crazy about you.,eng,0,0,1,0,0,1,0,0,1,eng
मैंने उसे बस में छोड़ दिया होगा।,hin,0,0,0,0,0,0,0,0,0,hin
Estoy casada y tengo dos niños.,spa,0,0,0,0,0,0,0,0,0,spa
¿Es una foto reciente?,spa,0,0,0,0,0,0,0,0,0,spa
It requires wisdom to understand wisdom: the music is nothing if the audience is deaf.,eng,1,0,0,0,0,0,0,0,1,eng
我叔叔住在学校附近。,cmn,0,0,0,0,0,0,0,0,0,cmn
我会不高兴，但我不会自杀。,cmn,1,0,0,0,0,0,0,0,1,cmn
"Si vuelves antes de las diez, puedes ir al baile.",spa,1,0,0,0,0,0,0,0,1,spa
目前我待在酒店。,cmn,0,0,0,0,0,0,0,0,0,cmn
他说他没有进房间，那是骗人的。,cmn,0,0,0,0,0,0,0,0,0,cmn
他每天早上都散步。,cmn,0,0,0,0,0,0,0,0,0,cmn
Realmente no tienes las prioridades correctas.,spa,0,0,0,0,0,0,0,0,0,spa
这是张舒服的椅子。,cmn,0,0,0,0,0,0,0,0,0,cmn
"सुबह की भागाभागी का समय बस शुरू होने ही वाला है, हमको जल्द ही चल पड़ेंना चाहिए, नहीं तो हम ट्रैफ़िक जाम में फँस जाएँगे।",hin,0,0,0,0,0,0,0,0,0,hin
这个诗人兼学者死了。,cmn,1,0,0,0,0,0,0,0,1,cmn
बाग के सारे फूल पानी की कमी की वजह से मर गए।,hin,1,0,0,0,0,0,0,0,1,hin
这件套衫不贵，它很便宜。,cmn,0,0,0,0,0,0,0,0,0,cmn
बरफ़ जैसा दिखता है।,hin,0,0,0,0,0,0,0,0,0,hin
வா எங்களுக்கு உதவி செய்,tam,0,0,0,0,0,0,0,0,0,tam
हर आदमी को खाना बनाना सीखना चाहिए।,hin,0,0,1,0,0,0,0,0,1,hin
很抱歉，我们不能接受你的要求。,cmn,0,0,0,0,0,0,0,0,0,cmn
वह भागते हुए आया।,hin,0,0,0,0,0,0,0,0,0,hin
“酒水免费吗？”“仅女士而已。”,cmn,0,0,0,0,0,0,0,0,0,cmn
"I'd be unhappy, but I wouldn't kill myself.",eng,1,0,0,0,0,0,0,0,1,eng
तुम ब्रिज पर खड़े हुए आदमी को जानते हो क्या?,hin,0,0,1,0,0,0,0,0,1,hin
"You are a busy man, so I will adjust myself to your schedule.",eng,0,0,1,0,0,0,0,0,1,eng
"You know the phrase, we reap what we sow. I have sown the wind and this is my storm.",eng,0,0,0,0,0,0,0,0,0,eng
हम धमाके से डर गए।,hin,0,0,0,0,0,0,0,0,0,hin
Ella dice ser la mujer más amable del mundo.,spa,0,0,1,0,0,0,0,0,1,spa
Los españoles tienen dos apellidos.,spa,0,0,0,0,0,0,0,0,0,spa
जॉर्ज बुश अमरीका का इकतालिसवा राष्ट्रपति है।,hin,1,0,0,0,0,0,0,0,1,hin
Verifica que tu usuario y contraseña estén escritos correctamente.,spa,0,0,0,0,0,0,0,0,0,spa
You're coming with us now.,eng,0,0,0,0,0,0,0,0,0,eng
मेने उसे नियम समझाया।,hin,0,0,0,0,0,0,0,0,0,hin
这个学校的学生很友好。,cmn,0,0,0,0,0,0,0,0,0,cmn
他一直很担心他的女儿。,cmn,0,0,0,0,0,0,0,0,0,cmn
I can't live without a TV.,eng,0,0,0,0,0,0,0,0,0,eng
Me pidieron algo para beber.,spa,1,0,0,0,0,0,0,0,1,spa
How long did you stay?,eng,0,0,0,0,0,0,0,0,0,eng
"Oh, I'm sorry.",eng,0,0,0,0,0,0,0,0,0,eng
तुम शायद सही हो।,hin,0,0,0,0,0,0,0,0,0,hin
I'm undressing.,eng,0,0,0,0,0,0,0,0,0,eng
"No pienso, luego no existo.",spa,0,0,0,0,0,0,0,0,0,spa
"If you're tired, why don't you go to sleep? ""Because if I go to sleep now I will wake up too early.""",eng,0,0,0,0,0,0,0,0,0,eng
आजकल अंग्रेज़ी अच्छे से बोलना जानना बहुत ज़रूरी है।,hin,0,0,0,0,0,0,0,0,0,hin
With so many people around he naturally became a bit nervous.,eng,0,0,1,0,0,0,0,0,1,eng
हमारी आज स्कूल से छुट्टी है।,hin,1,0,0,0,0,0,0,0,1,hin
கேளுங்கள்.,tam,0,0,0,0,0,0,0,0,0,tam
"With the heirless king going crazy and royal family poisoned, the general of the army finally had his chance to usurp the throne.",eng,0,0,1,0,0,1,0,0,1,eng
मैं ट्रेन से कोबे (सनव्हू) गया।,hin,0,0,0,0,0,0,0,0,0,hin
今天天气很好。,cmn,0,0,0,0,0,0,0,0,0,cmn
"Nuestra profesora es muy dura de cabeza, ¿o no?",spa,0,0,0,0,0,0,0,0,0,spa
El neumático tiene una fuga de aire.,spa,0,0,0,0,0,0,0,0,0,spa
Don't forget about us!,eng,0,0,0,0,0,0,0,0,0,eng
Tengo una cuenta pendiente contigo.,spa,1,0,0,0,0,0,0,0,1,spa
Ann在黑板上写了些什么。,cmn,0,0,0,0,0,0,0,0,0,cmn
"हाँ, हमारे मैनेजर हैं।",hin,1,0,0,0,0,0,0,0,1,hin
You must not rely upon such a man.,eng,0,0,1,0,0,0,0,0,1,eng
मुझे तुमको यह बात समझाना नामुमकिन है।,hin,0,0,0,0,0,0,0,0,0,hin
No tengo a nadie que viaje conmigo.,spa,1,0,0,0,0,0,0,0,1,spa
他的故事一部分是真的。,cmn,0,0,0,0,0,0,0,0,0,cmn
"You bought the food, so if I buy the wine that will even things up.",eng,0,0,0,0,0,0,0,0,0,eng
वह सुबह से रात तक काम करता रहा।,hin,0,0,0,0,0,0,0,0,0,hin
